2025-07-21T11:45:48+02:00,2025-07-21T18:01:42+02:00
2025-07-23T13:25:16+02:00,2025-07-23T18:11:30+02:00
2025-07-24T11:35:19+02:00,2025-07-24T12:16:30+02:00
2025-07-24T15:54:14+02:00,2025-07-24T17:39:42+02:00
2025-07-27T01:20:49+02:00,2025-07-27T06:19:15+02:00
2025-07-28T01:10:27+02:00,2025-07-28T02:57:37+02:00
2025-07-28T13:29:55+02:00,2025-07-28T21:45:22+02:00
2025-07-31T11:13:40+02:00,2025-07-31T17:06:29+02:00
2025-08-04T11:35:52+02:00,2025-08-04T18:25:59+02:00
2025-08-08T11:44:28+02:00,2025-08-08T17:35:41+02:00
2025-08-12T15:32:43+02:00,2025-08-12T18:24:09+02:00
2025-08-13T11:36:18+02:00,2025-08-13T17:56:23+02:00
2025-09-04T13:35:19+02:00,2025-09-04T15:36:46+02:00
2025-09-09T15:02:16+02:00,2025-09-09T17:14:38+02:00
2025-09-09T23:06:16+02:00,2025-09-09T23:58:33+02:00
2025-09-11T11:38:38+02:00,2025-09-11T21:23:59+02:00
2025-09-12T13:49:40+02:00,2025-09-12T18:14:28+02:00
2025-09-15T08:32:49+02:00,2025-09-15T08:51:36+02:00
2025-09-15T10:25:37+02:00,2025-09-15T13:40:47+02:00
2025-09-15T17:48:27+02:00,2025-09-15T18:36:27+02:00
2025-09-16T14:06:00+02:00,2025-09-16T17:20:01+02:00
2025-09-16T17:58:15+02:00,2025-09-16T19:30:47+02:00
2025-09-16T21:35:26+02:00,2025-09-16T22:24:15+02:00
2025-09-17T07:15:19+02:00,2025-09-17T12:08:37+02:00
