2019-09-17T15:17:10+02:00,1,f,stopped
2019-09-17T15:17:10+02:00,1,f,name
2019-09-17T15:17:10+02:00,1,f,stopped
2019-09-17T15:17:10+02:00,1,f,stopped
2019-09-17T15:17:10+02:00,1,f,ignored
2019-09-17T15:17:10+02:00,1,f,name
2019-09-17T15:17:10+02:00,1,f,ignored
2019-09-17T15:17:10+02:00,1,f,stopped
2019-09-17T15:17:10+02:00,1,f,date
2019-09-17T15:17:10+02:00,1,f,stopped
2019-09-17T15:17:10+02:00,1,f,rejection
2019-09-17T15:17:10+02:00,1,f,rejection
2019-09-17T15:17:10+02:00,1,f,date
2019-09-17T15:17:10+02:00,1,f,date
2019-09-17T15:17:10+02:00,1,f,ignored
2019-09-17T15:17:10+02:00,1,f,rejection
2019-09-17T15:17:10+02:00,1,f,rejection
2019-09-17T15:17:10+02:00,1,f,date
2019-09-17T15:17:10+02:00,1,f,stopped
2019-09-17T15:17:10+02:00,1,f,ignored
2019-09-17T15:17:10+02:00,1,f,name
2019-09-17T15:17:10+02:00,1,f,name
2019-09-17T15:17:10+02:00,1,f,ignored
2019-09-17T15:17:10+02:00,1,f,name
2019-09-17T15:17:10+02:00,1,f,date
2019-09-17T15:17:10+02:00,1,f,date
2019-09-17T15:17:10+02:00,1,f,stopped
2019-09-17T15:17:10+02:00,1,f,name
2019-09-17T15:17:10+02:00,1,f,rejection
2019-09-17T15:17:10+02:00,1,f,date
2019-09-17T15:17:10+02:00,1,f,rejection
2019-09-17T15:17:10+02:00,1,f,date
2019-09-17T15:17:10+02:00,1,f,name
2019-09-17T15:17:10+02:00,1,f,ignored
2019-09-17T15:17:10+02:00,1,f,name
2019-09-17T15:17:10+02:00,1,f,stopped
2019-09-17T15:17:10+02:00,1,f,name
2019-09-17T15:17:10+02:00,1,f,ignored
2019-09-17T15:17:10+02:00,1,f,rejection
2019-09-17T15:17:10+02:00,1,f,ignored
2019-09-17T15:17:10+02:00,1,f,stopped
2019-09-17T15:17:10+02:00,1,f,ignored
2019-09-17T15:17:10+02:00,1,f,date
2019-09-17T15:17:10+02:00,1,f,rejection
2019-09-17T15:17:10+02:00,1,f,ignored
2019-09-17T15:17:10+02:00,1,f,name
2019-09-17T15:17:10+02:00,1,f,ignored
2019-09-17T15:17:10+02:00,1,f,date
2019-09-17T15:17:10+02:00,1,f,rejection
2019-09-17T15:17:10+02:00,1,f,rejection
2019-09-17T15:17:10+02:00,1,f,date
2019-09-17T15:17:10+02:00,1,f,date
2019-09-17T15:17:10+02:00,1,f,ignored
2019-09-17T15:17:10+02:00,1,f,name
2019-09-17T15:17:10+02:00,1,f,name
2019-09-17T15:17:10+02:00,1,f,stopped
2019-09-17T15:17:10+02:00,1,f,name
2019-09-17T15:17:10+02:00,1,f,rejection
2019-09-17T15:17:10+02:00,1,f,ignored
2019-09-17T15:17:10+02:00,1,f,stopped
2019-09-17T15:17:10+02:00,1,f,ignored
2019-09-17T15:17:10+02:00,1,f,rejection
2019-09-17T15:17:10+02:00,1,f,stopped
2019-09-17T15:17:10+02:00,1,f,name
2019-09-17T15:17:10+02:00,1,f,ignored
2019-09-17T15:17:10+02:00,1,f,name
2019-09-17T15:17:10+02:00,1,f,name
2019-09-17T15:17:10+02:00,1,f,name
2019-09-17T15:17:10+02:00,1,f,rejection
2019-09-17T15:17:10+02:00,1,f,date
2019-09-17T15:17:10+02:00,1,f,rejection
2019-09-17T15:17:10+02:00,1,f,rejection
2019-09-17T15:17:10+02:00,1,f,stopped
2019-09-17T15:17:10+02:00,1,f,stopped
2019-09-17T15:17:10+02:00,1,f,ignored
2019-09-17T15:17:10+02:00,1,f,date
2019-09-17T15:17:10+02:00,1,f,ignored
2019-09-17T15:17:10+02:00,1,f,rejection
2019-09-17T15:17:10+02:00,1,f,date
2019-09-17T15:17:10+02:00,1,f,name
2019-09-17T15:17:10+02:00,1,f,name
2019-09-17T15:17:10+02:00,1,f,rejection
2019-09-17T15:17:10+02:00,1,f,date
2019-09-17T15:17:10+02:00,1,f,stopped
2019-09-17T15:17:10+02:00,1,f,ignored
2019-09-17T15:17:10+02:00,1,f,rejection
2019-09-17T15:17:10+02:00,1,f,rejection
2019-09-17T15:17:10+02:00,1,f,rejection
2019-09-17T15:17:10+02:00,1,f,ignored
2019-09-17T15:17:10+02:00,1,f,stopped
2019-09-17T15:17:10+02:00,1,f,rejection
2019-09-17T15:17:10+02:00,1,f,ignored
2019-09-17T15:17:10+02:00,1,f,stopped
2019-09-17T15:17:10+02:00,1,f,stopped
2019-09-17T15:17:10+02:00,1,f,stopped
2019-09-17T15:17:10+02:00,1,f,name
2019-09-17T15:17:10+02:00,1,f,name
2019-09-17T15:17:10+02:00,1,f,date
2019-09-17T15:17:10+02:00,1,f,stopped
2019-09-17T15:17:10+02:00,1,f,name
2019-09-17T15:17:10+02:00,1,m,ignored
2019-09-17T15:17:10+02:00,1,m,stopped
2019-09-17T15:17:10+02:00,1,m,name
2019-09-17T15:17:10+02:00,1,m,stopped
2019-09-17T15:17:10+02:00,1,m,stopped
2019-09-17T15:17:10+02:00,1,m,rejection
2019-09-17T15:17:10+02:00,1,m,ignored
2019-09-17T15:17:10+02:00,1,m,ignored
2019-09-17T15:17:10+02:00,1,m,stopped
2019-09-17T15:17:10+02:00,1,m,rejection
2019-09-17T15:17:10+02:00,1,m,ignored
2019-09-17T15:17:10+02:00,1,m,date
2019-09-17T15:17:10+02:00,1,m,ignored
2019-09-17T15:17:10+02:00,1,m,stopped
2019-09-17T15:17:10+02:00,1,m,date
2019-09-17T15:17:10+02:00,1,m,rejection
2019-09-17T15:17:10+02:00,1,m,name
2019-09-17T15:17:10+02:00,1,m,rejection
2019-09-17T15:17:10+02:00,1,m,ignored
2019-09-17T15:17:10+02:00,1,m,stopped
2019-09-17T15:17:10+02:00,1,m,stopped
2019-09-17T15:17:10+02:00,1,m,stopped
2019-09-17T15:17:10+02:00,1,m,name
2019-09-17T15:17:10+02:00,1,m,rejection
2019-09-17T15:17:10+02:00,1,m,stopped
2019-09-17T15:17:10+02:00,1,m,ignored
2019-09-17T15:17:10+02:00,1,m,name
2019-09-17T15:17:10+02:00,1,m,rejection
2019-09-17T15:17:10+02:00,1,m,ignored
2019-09-17T15:17:10+02:00,1,m,ignored
2019-09-17T15:17:10+02:00,1,m,ignored
2019-09-17T15:17:10+02:00,1,m,ignored
2019-09-17T15:17:10+02:00,1,m,ignored
2019-09-17T15:17:10+02:00,1,m,stopped
2019-09-17T15:17:10+02:00,1,m,rejection
2019-09-17T15:17:10+02:00,1,m,ignored
2019-09-17T15:17:10+02:00,1,m,ignored
2019-09-17T15:17:10+02:00,1,m,ignored
2019-09-17T15:17:10+02:00,1,m,ignored
2019-09-17T15:17:10+02:00,1,m,ignored
2019-09-17T15:17:10+02:00,1,m,stopped
2019-09-17T15:17:10+02:00,1,m,date
2019-09-17T15:17:10+02:00,1,m,rejection
2019-09-17T15:17:10+02:00,1,m,date
2019-09-17T15:17:10+02:00,1,m,stopped
2019-09-17T15:17:10+02:00,1,m,rejection
2019-09-17T15:17:10+02:00,1,m,name
2019-09-17T15:17:10+02:00,1,m,stopped
2019-09-17T15:17:10+02:00,1,m,ignored
2019-09-17T15:17:10+02:00,1,m,name
2019-09-17T15:17:10+02:00,1,m,rejection
2019-09-17T15:17:10+02:00,1,m,ignored
2019-09-17T15:17:10+02:00,1,m,ignored
2019-09-17T15:17:10+02:00,1,m,ignored
2019-09-17T15:17:10+02:00,1,m,ignored
2019-09-17T15:17:10+02:00,1,m,rejection
2019-09-17T15:17:10+02:00,1,m,ignored
2019-09-17T15:17:10+02:00,1,m,stopped
2019-09-17T15:17:10+02:00,1,m,ignored
2019-09-17T15:17:10+02:00,1,m,stopped
2019-09-17T15:17:10+02:00,1,m,rejection
2019-09-17T15:17:10+02:00,1,m,stopped
2019-09-17T15:17:10+02:00,1,m,name
2019-09-17T15:17:10+02:00,1,m,rejection
2019-09-17T15:17:10+02:00,1,m,rejection
2019-09-17T15:17:10+02:00,1,m,rejection
2019-09-17T15:17:10+02:00,1,m,stopped
2019-09-17T15:17:10+02:00,1,m,ignored
2019-09-17T15:17:10+02:00,1,m,ignored
2019-09-17T15:17:10+02:00,1,m,date
2019-09-17T15:17:10+02:00,1,m,date
2019-09-17T15:17:10+02:00,1,m,rejection
2019-09-17T15:17:10+02:00,1,m,date
2019-09-17T15:17:10+02:00,1,m,ignored
2019-09-17T15:17:10+02:00,1,m,name
2019-09-17T15:17:10+02:00,1,m,stopped
2019-09-17T15:17:10+02:00,1,m,ignored
2019-09-17T15:17:10+02:00,1,m,stopped
2019-09-17T15:17:10+02:00,1,m,date
2019-09-17T15:17:10+02:00,1,m,ignored
2019-09-17T15:17:10+02:00,1,m,date
2019-09-17T15:17:10+02:00,1,m,name
2019-09-17T15:17:10+02:00,1,m,stopped
2019-09-17T15:17:10+02:00,1,m,name
2019-09-17T15:17:10+02:00,1,m,ignored
2019-09-17T15:17:10+02:00,1,m,name
2019-09-17T15:17:10+02:00,1,m,date
2019-09-17T15:17:10+02:00,1,m,rejection
2019-09-17T15:17:10+02:00,1,m,ignored
2019-09-17T15:17:10+02:00,1,m,name
2019-09-17T15:17:10+02:00,1,m,name
2019-09-17T15:17:10+02:00,1,m,stopped
2019-09-17T15:17:10+02:00,1,m,name
2019-09-17T15:17:10+02:00,1,m,ignored
2019-09-17T15:17:10+02:00,1,m,stopped
2019-09-17T15:17:10+02:00,1,m,ignored
2019-09-17T15:17:10+02:00,1,m,name
2019-09-17T15:17:10+02:00,1,m,ignored
2019-09-17T15:17:10+02:00,1,m,ignored
2019-09-17T15:17:10+02:00,1,m,date
2019-09-17T15:17:10+02:00,0,f,stopped
2019-09-17T15:17:10+02:00,0,f,name
2019-09-17T15:17:10+02:00,0,f,name
2019-09-17T15:17:10+02:00,0,f,rejection
2019-09-17T15:17:10+02:00,0,f,rejection
2019-09-17T15:17:10+02:00,0,f,ignored
2019-09-17T15:17:10+02:00,0,f,stopped
2019-09-17T15:17:10+02:00,0,f,stopped
2019-09-17T15:17:10+02:00,0,f,name
2019-09-17T15:17:10+02:00,0,f,rejection
2019-09-17T15:17:10+02:00,0,f,stopped
2019-09-17T15:17:10+02:00,0,f,stopped
2019-09-17T15:17:10+02:00,0,f,name
2019-09-17T15:17:10+02:00,0,f,rejection
2019-09-17T15:17:10+02:00,0,f,name
2019-09-17T15:17:10+02:00,0,f,ignored
2019-09-17T15:17:10+02:00,0,f,rejection
2019-09-17T15:17:10+02:00,0,f,name
2019-09-17T15:17:10+02:00,0,f,name
2019-09-17T15:17:10+02:00,0,f,rejection
2019-09-17T15:17:10+02:00,0,f,date
2019-09-17T15:17:10+02:00,0,f,ignored
2019-09-17T15:17:10+02:00,0,f,rejection
2019-09-17T15:17:10+02:00,0,f,name
2019-09-17T15:17:10+02:00,0,f,date
2019-09-17T15:17:10+02:00,0,f,date
2019-09-17T15:17:10+02:00,0,f,ignored
2019-09-17T15:17:10+02:00,0,f,ignored
2019-09-17T15:17:10+02:00,0,f,stopped
2019-09-17T15:17:10+02:00,0,f,rejection
2019-09-17T15:17:10+02:00,0,f,name
2019-09-17T15:17:10+02:00,0,f,ignored
2019-09-17T15:17:10+02:00,0,f,stopped
2019-09-17T15:17:10+02:00,0,f,date
2019-09-17T15:17:10+02:00,0,f,rejection
2019-09-17T15:17:10+02:00,0,f,date
2019-09-17T15:17:10+02:00,0,f,ignored
2019-09-17T15:17:10+02:00,0,f,date
2019-09-17T15:17:10+02:00,0,f,name
2019-09-17T15:17:10+02:00,0,f,name
2019-09-17T15:17:10+02:00,0,f,ignored
2019-09-17T15:17:10+02:00,0,f,stopped
2019-09-17T15:17:10+02:00,0,f,rejection
2019-09-17T15:17:10+02:00,0,f,name
2019-09-17T15:17:10+02:00,0,f,rejection
2019-09-17T15:17:10+02:00,0,f,date
2019-09-17T15:17:10+02:00,0,f,stopped
2019-09-17T15:17:10+02:00,0,f,date
2019-09-17T15:17:10+02:00,0,f,ignored
2019-09-17T15:17:10+02:00,0,f,ignored
2019-09-17T15:17:10+02:00,0,f,stopped
2019-09-17T15:17:10+02:00,0,f,date
2019-09-17T15:17:10+02:00,0,f,rejection
2019-09-17T15:17:10+02:00,0,f,stopped
2019-09-17T15:17:10+02:00,0,f,rejection
2019-09-17T15:17:10+02:00,0,f,ignored
2019-09-17T15:17:10+02:00,0,f,rejection
2019-09-17T15:17:10+02:00,0,f,ignored
2019-09-17T15:17:10+02:00,0,f,date
2019-09-17T15:17:10+02:00,0,f,rejection
2019-09-17T15:17:10+02:00,0,f,stopped
2019-09-17T15:17:10+02:00,0,f,stopped
2019-09-17T15:17:10+02:00,0,f,date
2019-09-17T15:17:10+02:00,0,f,name
2019-09-17T15:17:10+02:00,0,f,name
2019-09-17T15:17:10+02:00,0,f,name
2019-09-17T15:17:10+02:00,0,f,ignored
2019-09-17T15:17:10+02:00,0,f,name
2019-09-17T15:17:10+02:00,0,f,ignored
2019-09-17T15:17:10+02:00,0,f,rejection
2019-09-17T15:17:10+02:00,0,f,ignored
2019-09-17T15:17:10+02:00,0,f,ignored
2019-09-17T15:17:10+02:00,0,f,ignored
2019-09-17T15:17:10+02:00,0,f,date
2019-09-17T15:17:10+02:00,0,f,ignored
2019-09-17T15:17:10+02:00,0,f,date
2019-09-17T15:17:10+02:00,0,f,stopped
2019-09-17T15:17:10+02:00,0,f,rejection
2019-09-17T15:17:10+02:00,0,f,date
2019-09-17T15:17:10+02:00,0,f,rejection
2019-09-17T15:17:10+02:00,0,f,name
2019-09-17T15:17:10+02:00,0,f,rejection
2019-09-17T15:17:10+02:00,0,f,date
2019-09-17T15:17:10+02:00,0,f,rejection
2019-09-17T15:17:10+02:00,0,f,name
2019-09-17T15:17:10+02:00,0,f,stopped
2019-09-17T15:17:10+02:00,0,f,ignored
2019-09-17T15:17:10+02:00,0,f,name
2019-09-17T15:17:10+02:00,0,f,rejection
2019-09-17T15:17:10+02:00,0,f,date
2019-09-17T15:17:10+02:00,0,f,stopped
2019-09-17T15:17:10+02:00,0,f,name
2019-09-17T15:17:10+02:00,0,f,date
2019-09-17T15:17:10+02:00,0,f,rejection
2019-09-17T15:17:10+02:00,0,f,ignored
2019-09-17T15:17:10+02:00,0,f,date
2019-09-17T15:17:10+02:00,0,f,stopped
2019-09-17T15:17:10+02:00,0,f,name
2019-09-17T15:17:10+02:00,0,f,date
2019-09-17T15:17:10+02:00,0,f,stopped
2019-09-17T15:17:10+02:00,0,m,date
2019-09-17T15:17:10+02:00,0,m,ignored
2019-09-17T15:17:10+02:00,0,m,rejection
2019-09-17T15:17:10+02:00,0,m,rejection
2019-09-17T15:17:10+02:00,0,m,rejection
2019-09-17T15:17:10+02:00,0,m,date
2019-09-17T15:17:10+02:00,0,m,ignored
2019-09-17T15:17:10+02:00,0,m,rejection
2019-09-17T15:17:10+02:00,0,m,ignored
2019-09-17T15:17:10+02:00,0,m,stopped
2019-09-17T15:17:10+02:00,0,m,name
2019-09-17T15:17:10+02:00,0,m,rejection
2019-09-17T15:17:10+02:00,0,m,ignored
2019-09-17T15:17:10+02:00,0,m,stopped
2019-09-17T15:17:10+02:00,0,m,stopped
2019-09-17T15:17:10+02:00,0,m,ignored
2019-09-17T15:17:10+02:00,0,m,ignored
2019-09-17T15:17:10+02:00,0,m,name
2019-09-17T15:17:10+02:00,0,m,rejection
2019-09-17T15:17:10+02:00,0,m,date
2019-09-17T15:17:10+02:00,0,m,date
2019-09-17T15:17:10+02:00,0,m,date
2019-09-17T15:17:10+02:00,0,m,ignored
2019-09-17T15:17:10+02:00,0,m,stopped
2019-09-17T15:17:10+02:00,0,m,stopped
2019-09-17T15:17:10+02:00,0,m,rejection
2019-09-17T15:17:10+02:00,0,m,date
2019-09-17T15:17:10+02:00,0,m,ignored
2019-09-17T15:17:10+02:00,0,m,rejection
2019-09-17T15:17:10+02:00,0,m,ignored
2019-09-17T15:17:10+02:00,0,m,ignored
2019-09-17T15:17:10+02:00,0,m,rejection
2019-09-17T15:17:10+02:00,0,m,date
2019-09-17T15:17:10+02:00,0,m,date
2019-09-17T15:17:10+02:00,0,m,ignored
2019-09-17T15:17:10+02:00,0,m,rejection
2019-09-17T15:17:10+02:00,0,m,date
2019-09-17T15:17:10+02:00,0,m,name
2019-09-17T15:17:10+02:00,0,m,rejection
2019-09-17T15:17:10+02:00,0,m,date
2019-09-17T15:17:10+02:00,0,m,date
2019-09-17T15:17:10+02:00,0,m,date
2019-09-17T15:17:10+02:00,0,m,ignored
2019-09-17T15:17:10+02:00,0,m,stopped
2019-09-17T15:17:10+02:00,0,m,stopped
2019-09-17T15:17:10+02:00,0,m,rejection
2019-09-17T15:17:10+02:00,0,m,date
2019-09-17T15:17:10+02:00,0,m,date
2019-09-17T15:17:10+02:00,0,m,stopped
2019-09-17T15:17:10+02:00,0,m,rejection
2019-09-17T15:17:10+02:00,0,m,name
2019-09-17T15:17:10+02:00,0,m,stopped
2019-09-17T15:17:10+02:00,0,m,rejection
2019-09-17T15:17:10+02:00,0,m,name
2019-09-17T15:17:10+02:00,0,m,name
2019-09-17T15:17:10+02:00,0,m,ignored
2019-09-17T15:17:10+02:00,0,m,ignored
2019-09-17T15:17:10+02:00,0,m,date
2019-09-17T15:17:10+02:00,0,m,ignored
2019-09-17T15:17:10+02:00,0,m,stopped
2019-09-17T15:17:10+02:00,0,m,stopped
2019-09-17T15:17:10+02:00,0,m,rejection
2019-09-17T15:17:10+02:00,0,m,rejection
2019-09-17T15:17:10+02:00,0,m,name
2019-09-17T15:17:10+02:00,0,m,rejection
2019-09-17T15:17:10+02:00,0,m,date
2019-09-17T15:17:10+02:00,0,m,rejection
2019-09-17T15:17:10+02:00,0,m,stopped
2019-09-17T15:17:10+02:00,0,m,ignored
2019-09-17T15:17:10+02:00,0,m,stopped
2019-09-17T15:17:10+02:00,0,m,date
2019-09-17T15:17:10+02:00,0,m,rejection
2019-09-17T15:17:10+02:00,0,m,ignored
2019-09-17T15:17:10+02:00,0,m,stopped
2019-09-17T15:17:10+02:00,0,m,stopped
2019-09-17T15:17:10+02:00,0,m,ignored
2019-09-17T15:17:10+02:00,0,m,name
2019-09-17T15:17:10+02:00,0,m,date
2019-09-17T15:17:10+02:00,0,m,ignored
2019-09-17T15:17:10+02:00,0,m,ignored
2019-09-17T15:17:10+02:00,0,m,stopped
2019-09-17T15:17:10+02:00,0,m,stopped
2019-09-17T15:17:10+02:00,0,m,stopped
2019-09-17T15:17:10+02:00,0,m,stopped
2019-09-17T15:17:10+02:00,0,m,name
2019-09-17T15:17:10+02:00,0,m,rejection
2019-09-17T15:17:10+02:00,0,m,stopped
2019-09-17T15:17:10+02:00,0,m,stopped
2019-09-17T15:17:10+02:00,0,m,date
2019-09-17T15:17:10+02:00,0,m,name
2019-09-17T15:17:10+02:00,0,m,name
2019-09-17T15:17:10+02:00,0,m,rejection
2019-09-17T15:17:10+02:00,0,m,ignored
2019-09-17T15:17:10+02:00,0,m,rejection
2019-09-17T15:17:10+02:00,0,m,name
2019-09-17T15:17:10+02:00,0,m,ignored
2019-09-17T15:17:10+02:00,0,m,rejection
2019-09-17T15:17:10+02:00,0,m,name
2019-09-17T15:17:10+02:00,0,m,stopped
2019-09-17T15:17:10+02:00,0,m,date
