"datetime","productivity","creativity","sublen","meaning"
2022-10-27T21:27:54+02:00,0.3,0.1,,
2022-10-29T21:52:33+02:00,0.15,0.1,,
2022-11-06T23:46:40+01:00,0.2,0,,
2022-11-17T22:38:51+01:00,0.2,0,,
2023-01-22T22:07:24+01:00,0.3,0.1,,
2023-01-24T22:28:29+01:00,0.6,0.15,,
2023-01-27T22:02:22+01:00,0.2,0.35,,
2023-03-05T18:13:00+01:00,0.2,-0.05,,
2023-03-16T20:00:00+01:00,0.3,0,,
2023-03-17T20:01:52+01:00,-0.1,0.15,,
2023-03-19T21:56:00+01:00,0.25,0,,
2023-03-20T21:10:56+01:00,0.2,0.25,,
2023-03-21T20:00:00+01:00,0.45,0.1,,
2023-03-22T20:11:56+01:00,0.4,0.1,,
2023-03-23T20:00:00+01:00,0.05,0,,
2023-03-24T20:00:00+01:00,0.3,0.35,,
2023-03-25T22:03:28+01:00,0.05,0,,
2023-03-26T20:00:00+02:00,-0.2,0,,
2023-03-27T22:06:34+02:00,0.15,0.2,,
2023-03-28T20:00:00+02:00,-0.1,0.1,,
2023-03-31T20:46:00+02:00,0.1,0.05,,
2023-04-01T21:51:08+02:00,0,0.1,,
2023-04-02T20:49:17+02:00,0.1,0.15,,
2023-04-03T20:00:00+02:00,0.35,0.2,,
2023-04-04T23:42:58+02:00,0.3,0.05,,
2023-04-06T21:47:00+02:00,0.1,0,,
2023-04-07T20:00:00+02:00,0,0.25,,
2023-04-08T20:00:00+02:00,0.05,0,,
2023-04-09T20:12:19+02:00,0.1,0.2,,
2023-04-10T20:30:58+02:00,0.15,0.05,,
2023-04-11T20:32:21+02:00,-0.05,-0.05,,
2023-04-12T20:47:59+02:00,1.0,0.5,,
2023-04-13T20:09:36+02:00,0,0.1,,
2023-04-14T20:00:00+02:00,0.4,0.2,,
2023-04-15T20:01:39+02:00,0.15,0.1,,
2023-04-16T20:00:00+02:00,0,0.05,,
2023-04-17T22:44:04+02:00,-0.05,0,,
2023-04-20T20:00:00+02:00,0.1,0,,
2023-04-21T20:00:00+02:00,0.15,0.05,,
2023-04-22T23:15:45+02:00,0,0.2,,
2023-04-24T20:00:00+02:00,1.0,0.7,,
2023-04-25T23:52:31+02:00,1.0,0.45,,
2023-04-26T20:15:31+02:00,0,0.05,,
2023-04-27T23:43:55+02:00,0.65,0.4,,
2023-04-28T20:00:00+02:00,0.4,0.1,,
2023-04-29T20:00:00+02:00,0.1,0,,
2023-04-30T20:00:00+02:00,0.05,0.15,,
2023-05-01T20:20:26+02:00,0.35,0.1,,
2023-05-02T20:00:00+02:00,0,0.2,,
2023-05-03T22:42:41+02:00,0.35,0.05,,
2023-05-04T20:00:00+02:00,0.05,-0.05,,
2023-05-05T20:28:42+02:00,0.1,0.2,,
2023-05-06T20:23:55+02:00,0,0.07,,
2023-05-07T22:41:45+02:00,0,0.07,,
2023-05-08T20:00:00+02:00,0.3,0.1,,
2023-05-09T20:00:00+02:00,0.4,0.35,,
2023-05-10T20:00:00+02:00,0.01,0.1,,
2023-05-11T20:00:00+02:00,0.25,0.1,,
2023-05-12T20:00:00+02:00,0.2,0,,
2023-05-13T20:00:00+02:00,-0.05,0.15,,
2023-05-15T20:00:00+02:00,0.7,0.1,,
2023-05-16T20:00:00+02:00,-0.1,0,,
2023-05-17T20:00:00+02:00,0.18,0.2,,
2023-05-18T20:00:00+02:00,0.22,0.1,,
2023-05-21T22:25:44+02:00,0.75,0.65,,
2023-05-23T23:30:00+02:00,0.2,0,,
2023-05-24T22:27:05+02:00,0.25,0.05,,
2023-05-25T20:00:00+02:00,0,0.1,,
2023-05-26T21:15:00+02:00,0.25,0.13,,
2023-05-28T23:30:00+02:00,0.17,0.25,,
2023-05-29T23:06:00+02:00,0.45,0.1,,
2023-05-30T23:56:00+02:00,0.15,0.05,,
2023-05-31T22:00:00+02:00,0.4,0.55,,
2023-05-31T23:30:00+02:00,0.4,0.55,,
2023-06-01T23:57:00+02:00,0.2,0.1,,
2023-06-03T23:30:00+02:00,0.15,0,,
2023-06-04T23:58:00+02:00,-0.15,0.05,,
2023-06-09T23:35:00+02:00,0.6,0.1,,
2023-06-10T23:30:00+02:00,0,0.1,,
2023-06-12T23:02:00+02:00,0.6,0.15,,
2023-06-13T23:00:00+02:00,0.4,0.4,,
2023-06-14T23:00:00+02:00,0.45,0.3,,
2023-06-15T23:05:00+02:00,0.2,0.35,,
2023-06-16T23:05:00+02:00,0.3,0.2,,
2023-06-19T23:30:00+02:00,0.35,0.1,,
2023-06-22T23:30:00+02:00,0.25,0.45,,
2023-06-23T23:30:00+02:00,0.15,0.15,,
2023-06-24T23:50:00+02:00,0.1,0.2,,
2023-06-25T23:00:00+02:00,0,0.05,,
2023-06-26T23:00:00+02:00,0.05,0.15,,
2023-06-29T20:00:00+02:00,0.2,0.1,,
2023-06-30T20:00:00+02:00,0.5,0.6,,
2023-07-01T20:25:27+02:00,0.2,0,,
2023-07-02T20:00:00+02:00,0.15,0.1,,
2023-07-03T20:00:00+02:00,0.15,0.2,,
2023-07-06T21:02:34+02:00,0.5,0.3,,
2023-07-08T20:24:06+02:00,0.3,0,,
2023-07-09T20:00:00+02:00,-0.1,0.25,,
2023-07-10T20:00:00+02:00,0.15,-0.1,,
2023-07-12T22:30:31+02:00,0.35,0.1,,
2023-07-13T22:00:00+02:00,0.45,0.3,,
2023-07-14T22:00:00+02:00,0.25,0.05,,
2023-07-15T22:00:00+02:00,0.4,0,,
2023-07-16T22:00:00+02:00,0,0.1,,
2023-07-17T23:03:39+02:00,0.05,0.175,,
2023-07-18T23:00:00+02:00,0.15,0.1,,
2023-07-19T22:57:02+02:00,0.3,0.6,,
2023-07-20T22:53:22+02:00,0.17,0,,
2023-07-21T22:00:00+02:00,0,0.15,,
2023-07-22T22:00:00+02:00,0.41,0.45,,
2023-07-23T22:00:00+02:00,0.05,0.3,,
2023-07-24T22:44:05+02:00,-0.05,0.3,,
2023-07-25T18:28:00+02:00,0.4,0.25,,
2023-07-26T22:45:34+02:00,0.25,0.15,,
2023-07-27T22:00:37+02:00,0.5,0.25,,
2023-07-28T22:00:00+02:00,-0.1,0,,
2023-07-31T23:08:00+02:00,0.1,0.1,,
2023-08-02T23:01:01+02:00,-0.1,0.1,,
2023-08-03T22:00:00+02:00,0.25,0.05,,
2023-08-04T22:00:00+02:00,-0.15,0.1,,
2023-08-07T23:31:00+02:00,0.2,0,,
2023-08-16T22:00:00+02:00,0.25,0.1,,
2023-08-18T22:11:00+02:00,0.15,0,,
2023-08-19T22:00:00+02:00,0.35,0.2,,
2023-08-20T22:11:34+02:00,0.2,0.25,,
2023-08-21T23:00:00+02:00,0.5,0.3,0.6,
2023-08-22T22:00:00+02:00,0.17,0,0.4,
2023-08-23T22:00:00+02:00,0.55,0.3,0.4,
2023-08-24T22:00:00+02:00,0.2,0,0.15,
2023-08-25T22:00:00+02:00,0,0.1,0.25,
2023-08-27T22:07:01+02:00,0,0.2,0.35,
2023-08-28T22:27:10+02:00,-0.1,0.05,0.1,
2023-08-28T22:27:10+02:00,0.2,0.1,0.3,
2023-08-30T22:08:12+02:00,0.25,0.05,0.28,
2023-08-31T22:32:05+02:00,0.2,0.05,0.55,
2023-09-02T22:00:00+02:00,0.05,0.1,0.55,
2023-09-03T22:49:44+02:00,0.05,0.2,0.4,
2023-09-04T22:08:38+02:00,0.3,0.1,0.15,
2023-09-05T22:00:00+02:00,0.4,0.2,0.4,
2023-09-06T22:00:00+02:00,0.45,0.15,0.6,
2023-09-08T22:54:00+02:00,0.2,0.1,0.4,
2023-09-11T22:26:50+02:00,0,0.1,0.2,
2023-09-12T22:26:50+02:00,0.2,0,0.25,
2023-09-15T22:00:00+02:00,0.2,0.1,0.45,
2023-09-16T22:00:00+02:00,0.4,0.05,0.3,
2023-09-17T22:00:00+02:00,0.1,0.25,0.5,
2023-09-18T23:04:03+02:00,0.35,-0.01,0.15,
2023-09-19T22:00:00+02:00,0.4,0.05,0.35,
2023-09-20T23:26:41+02:00,0.25,0.1,0.25,
2023-09-21T23:27:20+02:00,0.2,0.1,0.25,
2023-09-22T22:00:00+02:00,0.2,0.3,0.35,
2023-09-23T22:04:10+02:00,0.15,0.45,0.45,
2023-09-24T22:32:14+02:00,0.1,0.3,0.8,
2023-09-25T22:02:37+02:00,0.05,0.2,0.4,
2023-09-27T23:50:37+02:00,0.25,0.3,0.55,
2023-09-28T21:09:37+02:00,0.35,0.1,0.5,
2023-09-29T22:00:00+02:00,-0.1,0.1,0.3,
2023-09-30T22:00:00+02:00,0.4,0.25,0.2,
2023-10-26T22:00:00+02:00,0.25,0.05,0.35,
2023-10-27T22:00:00+02:00,0,0.2,0.3,
2023-10-29T22:00:00+01:00,-0.01,0.27,0.2,
2023-10-30T22:37:26+01:00,0.35,0.1,0.45,
2023-11-03T22:20:48+01:00,0.3,0.15,0.1,
2023-11-05T22:00:00+01:00,0.18,0.24,0.4,
2023-11-06T22:00:00+01:00,0.5,0.15,0.6,
2023-11-07T22:00:00+01:00,0.29,0.3,0.22,
2023-11-08T22:00:00+01:00,0.5,0.25,0.55,
2023-11-09T22:25:57+01:00,0.3,0.12,0.3,
2023-11-10T23:10:28+01:00,-0.5,0.05,0.5,
2023-11-11T22:32:56+01:00,0.1,0.35,0.3,
2023-11-14T22:05:37+01:00,0.3,0.15,0.1,
2023-11-15T23:08:34+01:00,0.5,0.1,0.65,
2023-11-17T22:00:00+01:00,0.0,0.1,0.24,
2023-11-18T22:00:00+01:00,0.18,0.05,0.1,
2023-11-19T22:00:00+01:00,0.3,0.05,0.17,
2023-11-20T23:05:05+01:00,0.6,0.2,0.4,
2023-11-21T23:28:26+01:00,0.15,0.3,0.2,
2023-11-23T23:41:11+01:00,0.42,0.1,0.35,
2023-11-24T22:00:00+01:00,-0.1,0.15,0.2,
2023-11-25T22:00:00+01:00,0.05,0,0.3,
2023-11-28T22:00:00+01:00,0.5,0.1,0.35,
2023-11-29T22:25:18+01:00,0.1,0.2,0.3,
2023-11-30T22:14:22+01:00,0.1,0,0.2,
2023-12-01T22:00:00+01:00,0.2,0.1,0.3,
2023-12-03T22:00:00+01:00,0.15,0.2,0.35,
2023-12-07T22:00:00+01:00,0.6,0.2,0.3,
2023-12-08T22:36:54+01:00,0.25,0.1,0.45,
2023-12-09T22:00:00+01:00,0.1,0.2,0.15,
2023-12-10T22:00:00+01:00,0.3,0.25,0.3,
2023-12-11T22:00:00+01:00,0.05,0,0.15,
2023-12-14T22:00:00+01:00,-0.05,0.2,0.3,
2023-12-15T23:09:30+01:00,0.45,0.2,0.4,
2023-12-17T22:00:16+01:00,0.2,0.3,0.45,
2023-12-18T22:35:46+01:00,0.05,0.1,0.35,
2023-12-19T22:00:00+01:00,0.15,0.1,0.2,
2023-12-20T23:07:41+01:00,0.2,0.05,0.35,
2023-12-21T22:07:56+01:00,0.2,0.3,0.35,
2024-01-04T22:00:00+01:00,0.3,0.35,0.4,
2024-01-05T22:06:56+01:00,0.65,0.2,0.8,
2024-01-07T22:01:22+01:00,0.28,0.15,0.3,
2024-01-08T23:04:01+01:00,0.6,0.2,0.75,
2024-01-09T22:28:35+01:00,0.85,0.05,0.5,
2024-01-10T23:00:10+01:00,0.3,0.1,0.35,
2024-01-11T22:11:09+01:00,0.6,0.1,0.45,
2024-01-14T22:00:09+01:00,0.1,0.25,0.2,
2024-01-15T22:10:23+01:00,0.2,0.2,0.5,
2024-01-16T22:29:46+01:00,0.6,0.25,0.45,
2024-01-17T22:00:00+01:00,0.2,0.35,0.3,
2024-01-18T23:03:47+01:00,0.3,0.25,0.45,
2024-01-19T22:34:00+01:00,0.3,0.4,0.25,
2024-01-21T22:00:00+01:00,0,0.3,0.5,
2024-01-23T22:17:02+01:00,0.35,0.1,0.45,
2024-01-24T23:10:31+01:00,0.65,0.05,0.4,
2024-01-25T22:00:00+01:00,0.15,0.05,0.3,
2024-01-27T22:00:00+01:00,0,0.25,0.37,
2024-01-28T22:00:00+01:00,0,0.4,0.6,
2024-01-29T22:05:52+01:00,0.55,0.35,0.44,
2024-01-30T22:00:00+01:00,0.35,0.15,0.5,
2024-01-31T23:09:09+01:00,0.5,0.2,0.25,
2024-02-01T22:00:00+01:00,0.18,0.05,0.3,
2024-02-02T22:49:34+01:00,0.34,0.15,0.4,
2024-02-03T22:00:00+01:00,0.1,0.1,0.2,
2024-02-04T22:00:00+01:00,0.08,0.12,0.15,
2024-02-05T22:53:30+01:00,0.4,0.15,0.5,
2024-02-06T23:59:02+01:00,0.7,0.3,0.6,
2024-02-07T22:00:00+01:00,0.45,0.2,0.4,
2024-02-08T22:00:00+01:00,0.5,0.15,0.3,
2024-02-10T22:58:36+01:00,0.05,0.3,0.35,
2024-02-11T22:49:09+01:00,0,0.1,0.55,
2024-02-12T23:38:31+01:00,-0.1,0.05,0.1,
2024-02-13T22:00:01+01:00,0.2,0.1,0.2,
2024-02-15T22:25:13+01:00,0.4,0.3,0.28,
2024-02-16T22:00:13+01:00,0.35,0.1,0.4,
2024-02-17T22:57:44+01:00,0.1,0.15,0.3,
2024-02-18T22:18:13+01:00,0.23,0.13,0.24,
2024-02-19T22:00:00+01:00,0.25,0.05,0.35,
2024-02-20T22:44:50+01:00,0.05,0.1,0.25,
2024-02-21T22:00:00+01:00,0.75,0.2,0.45,
2024-02-22T22:00:00+01:00,0.18,0.1,0.35,
2024-02-23T23:31:11+01:00,0.66,0.25,0.55,
2024-02-25T23:17:53+01:00,0.65,0.1,0.7,
2024-03-01T22:00:00+01:00,0.3,0.05,0.5,
2024-03-03T23:16:51+01:00,0.38,0.04,0.29,
2024-03-07T22:00:00+01:00,0.65,0.2,0.5,
2024-03-08T22:00:00+01:00,0.4,0.04,0.34,
2024-03-12T22:00:00+01:00,0.5,0.2,0.6,
2024-03-13T22:00:00+01:00,0.65,0.1,0.3,
2024-03-14T22:00:00+01:00,0.7,0,0.6,
2024-03-15T22:00:00+01:00,0.45,0.04,0.75,
2024-03-17T22:00:00+01:00,0,0.3,0.65,
2024-03-18T22:00:00+01:00,0.7,0.35,0.25,
2024-03-21T22:41:00+01:00,0.55,0.3,0.18,
2024-03-22T22:42:02+01:00,0.2,0.3,0.45,
2024-03-23T22:02:15+01:00,0.63,0.4,0.5,
2024-03-24T22:02:15+01:00,0.37,0,0.2,
2024-03-31T23:05:03+02:00,0.37,0.1,0.6,
2024-04-03T21:00:00+02:00,0.3,0.05,0.2,
2024-04-03T21:00:00+02:00,0.1,0.15,0.25,
2024-04-05T22:30:53+02:00,0.285,0.04,0.45,
2024-04-06T22:00:01+02:00,0.44,0.08,0.6,
2024-04-07T23:30:17+02:00,0,0.05,0.55,
2024-04-08T22:00:17+02:00,0.56,0.1,0.2,
2024-04-09T22:00:00+02:00,0.09,0.15,0.28,
2024-04-15T22:00:00+02:00,0.33,0.04,0.2,
2024-04-18T22:00:00+02:00,0.4,0.25,0.5,
2024-04-19T22:00:00+02:00,0.1,0.1,0.3,
2024-04-23T22:00:00+02:00,0.37,0.05,0.2,
2024-04-25T22:00:00+02:00,0.26,0.33,0.5,
2024-04-26T23:10:44+02:00,0.4,0.3,0.55,
2024-04-27T22:40:48+02:00,0.45,0.1,0.7,
2024-04-27T22:40:48+02:00,0.09,0.12,0.25,
2024-04-30T22:10:41+02:00,0.5,0.25,0.4,
2024-05-04T22:00:00+02:00,0.67,0.1,0.55,
2024-05-05T22:13:01+02:00,-0.05,0.1,,
2024-05-06T22:00:01+02:00,0.35,0.45,0.45,
2024-05-07T22:00:01+02:00,0.5,0.2,0.3,
2024-05-08T22:13:01+02:00,0.2,0.3,0.5,
2024-05-13T22:00:27+02:00,0.53,0.4,0.42,
2024-05-17T23:08:27+02:00,0.64,0.2,0.5,
2024-05-19T23:12:15+02:00,0.35,0.2,0.25,
2024-05-20T22:04:43+02:00,0.4,0.05,0.45,
2024-05-21T22:20:33+02:00,0.7,0.11,0.7,
2024-05-22T22:00:00+02:00,0.55,0.1,0.35,
2024-05-23T22:33:00+02:00,0.52,0.1,0.3,
2024-05-24T22:00:00+02:00,0.45,0.2,0.6,
2024-05-25T22:00:00+02:00,0.21,0.3,0.35,
2024-05-26T22:00:00+02:00,0.52,0.3,0.6,
2024-05-27T22:10:37+02:00,0.46,0.05,0.6,
2024-05-29T23:04:39+02:00,0.2,0.45,0.8,
2024-05-30T22:38:24+02:00,0,0.23,0.9,
2024-06-02T22:00:00+02:00,0.15,0.3,0.75,
2024-06-04T22:00:00+02:00,0.45,0.2,0.25,
2024-06-05T22:29:51+02:00,0.55,0.03,0.4,
2024-06-06T22:00:00+02:00,-0.2,0.15,0.4,
2024-06-08T22:00:00+02:00,0.5,0.12,0.54,
2024-06-09T22:00:00+02:00,0.24,0.19,0.36,
2024-06-10T22:00:00+02:00,0.61,0.02,0.3,
2024-06-11T23:33:40+02:00,0.45,0.09,0.38,
2024-06-12T22:00:40+02:00,0.35,0.2,0.28,
2024-06-13T22:00:00+02:00,0.1,0.1,0.5,
2024-06-14T22:12:37+02:00,0.4,0.5,0.35,
2024-06-15T22:00:37+02:00,0.5,0.3,0.25,
2024-06-16T23:58:26+02:00,0.26,0.11,0.2,
2024-06-17T22:21:49+02:00,0.23,0.25,0.2,
2024-07-01T21:49:00+02:00,0.6,0.05,0.5,
2024-07-02T22:00:00+02:00,0.3,0.15,0.46,
2024-07-03T22:28:57+02:00,0.3,0.1,0.38,
2024-07-04T22:00:00+02:00,0.28,0.2,0.76,
2024-07-05T22:52:45+02:00,0.35,0.28,0.6,
2024-07-06T22:00:00+02:00,0.47,0.18,0.7,
2024-07-07T22:06:03+02:00,0.28,0.16,0.4,
2024-07-08T22:39:35+02:00,0.47,0.7,0.75,
2024-07-09T22:00:00+02:00,0.2,0.35,0.13,
2024-07-10T23:17:05+02:00,0.3,0.41,0.5,
2024-07-11T22:00:49+02:00,0,0.1,0.39,
2024-07-12T22:06:38+02:00,0.25,0.1,0.2,
2024-07-13T22:00:00+02:00,0.2,0.25,0.4,
2024-07-14T22:00:00+02:00,0.35,0.15,0.2,
2024-07-15T22:13:49+02:00,0.5,0.15,0.38,
2024-07-16T22:05:00+02:00,0.43,0.13,0.65,
2024-07-17T22:00:00+02:00,0.26,0.05,0.14,
2024-07-18T22:15:28+02:00,0.18,0.04,0.3,
2024-07-20T22:00:00+02:00,0.1,0.35,0.54,
2024-07-21T22:00:00+02:00,0.46,0.16,0.6,
2024-07-22T22:00:00+02:00,0.6,0.31,0.35,
2024-07-23T22:00:00+02:00,0.7,0.1,0.43,
2024-07-24T23:45:27+02:00,0.4,0.13,0.23,
2024-07-25T22:00:00+02:00,0.55,0.35,0.32,
2024-07-26T22:00:00+02:00,0.38,0.1,0.52,
2024-07-27T22:00:00+02:00,0.3,0.35,0.26,
2024-07-28T22:00:00+02:00,0.2,0.35,0.45,
2024-07-30T22:35:04+02:00,0.35,0.4,0.15,
2024-07-31T22:33:04+02:00,0.4,0.2,0.37,
2024-08-01T22:30:50+02:00,0.25,0.2,0.4,
2024-08-02T22:50:42+02:00,0.43,0.18,0.35,
2024-08-03T22:00:00+02:00,0.4,0.3,0.5,
2024-08-04T22:00:00+02:00,0.16,0.25,0.28,
2024-08-05T22:00:01+02:00,0.39,0.2,0.17,
2024-08-06T22:00:00+02:00,0.62,0.6,0.37,
2024-08-07T22:00:00+02:00,0.4,0.1,0.2,
2024-08-09T22:00:00+02:00,0,0.25,0.18,
2024-08-22T23:24:18+02:00,0.4,0.2,0.5,
2024-08-24T22:00:00+02:00,0.3,0.4,0.45,
2024-08-26T22:00:00+02:00,0.35,0.1,0.25,
2024-08-27T22:28:13+02:00,0,0.15,0.6,
2024-08-28T22:00:00+02:00,0.42,0.12,0.35,
2024-08-29T22:00:00+02:00,0.45,0.08,0.3,
2024-08-30T22:20:56+02:00,0.43,0.18,0.28,
2024-08-31T22:17:25+02:00,0.46,0.05,0.75,
2024-09-01T22:00:00+02:00,0.28,0.2,0.45,
2024-09-02T22:00:00+02:00,0.3,0.02,0.32,
2024-09-03T22:00:00+02:00,0.1,0.2,0.25,
2024-09-04T22:00:00+02:00,0.29,0.2,0.22,
2024-09-05T23:30:51+02:00,0.38,0.1,0.67,
2024-09-06T22:00:00+02:00,0.13,0.05,0.22,
2024-09-07T22:00:00+02:00,0.3,0.35,0.46,
2024-09-08T22:00:00+02:00,0.2,0.1,0.4,
2024-09-09T23:13:12+02:00,0.37,0.7,0.7,
2024-09-10T22:00:00+02:00,-0.1,0.1,0.05,
2024-09-11T23:41:08+02:00,0.4,0.2,0.26,
2024-09-12T22:00:00+02:00,0.18,0.05,0.17,
2024-09-17T23:26:00+02:00,0.2,0.08,0.15,
2024-09-18T22:00:00+02:00,0.23,0.1,0.24,
2024-09-19T22:00:00+02:00,0.3,0.2,0.4,
2024-09-20T22:52:16+02:00,0.3,0.2,0.54,
2024-09-21T22:00:00+02:00,0.18,0.1,0.45,
2024-09-22T22:00:01+02:00,0.2,0.25,0.4,
2024-09-23T22:42:58+02:00,0.23,0.05,0.35,
2024-09-24T22:00:00+02:00,0.15,0.08,0.2,
2024-09-25T23:01:11+02:00,0.45,0.2,0.37,
2024-09-26T22:00:00+02:00,0.13,0.1,0.24,
2024-09-27T22:00:00+02:00,0.3,0.25,0.35,
2024-09-28T22:00:00+02:00,0.38,0.2,0.54,
2024-09-29T22:00:00+02:00,0.2,0.5,0.65,
2024-09-30T22:55:46+02:00,0.38,0.21,0.3,
2024-10-01T22:00:00+02:00,0.05,0.18,0.16,
2024-10-02T22:00:00+02:00,0.4,0.12,0.46,
2024-10-03T22:09:18+02:00,0.05,0.6,0.3,
2024-10-06T22:00:00+02:00,0,0.1,0.32,
2024-10-07T22:00:00+02:00,0.25,0.12,0.24,
2024-10-08T23:59:00+02:00,0.15,0.2,0.5,
2024-10-09T22:00:00+02:00,0.24,0.13,0.14,
2024-10-10T22:00:00+02:00,0.08,0.1,0.37,
2024-10-11T22:00:00+02:00,-0.1,0.05,0.2,
2024-10-12T22:43:43+02:00,0,0.2,0.4,
2024-10-13T22:00:00+02:00,0.15,0.2,0.2,
2024-10-14T22:00:00+02:00,0.5,0.12,0.37,
2024-10-15T22:00:00+02:00,0.3,0.18,0.4,
2024-10-16T22:11:32+02:00,0.17,0.42,0.16,
2024-10-17T22:00:00+02:00,0.1,0.25,0.35,
2024-10-18T23:04:42+02:00,0.1,0.3,0.4,
2024-10-19T22:00:00+02:00,0,0.2,0.47,
2024-10-20T23:09:28+02:00,0,0.3,0.5,
2024-10-21T22:46:46+02:00,0.4,0.35,0.3,
2024-10-22T22:00:00+02:00,0.3,0.2,0.35,
2024-10-23T22:00:00+02:00,0.27,0.3,0.2,
2024-10-24T22:49:56+02:00,0.02,0.12,0.2,
2024-10-25T22:00:00+02:00,0.36,0.4,0.35,
2024-10-26T22:01:48+02:00,0.21,0.2,0.37,
2024-10-27T22:00:00+01:00,0.1,0.25,0.39,
2024-10-28T22:00:00+01:00,0.3,0.24,0.31,
2024-10-29T22:00:00+01:00,0.36,0.2,0.18,
2024-10-30T22:00:00+01:00,0.3,0.16,0.38,
2024-10-31T22:00:00+01:00,0.15,0,0.34,
2024-11-01T22:56:29+01:00,0,0,0.2,
2024-11-03T22:00:00+01:00,0.1,0.4,0.6,
2024-11-04T22:00:00+01:00,0.31,0.3,0.34,
2024-11-05T22:00:00+01:00,0.04,0.18,0.17,
2024-11-06T22:00:00+01:00,0.2,0.17,0.08,
2024-11-07T22:06:10+01:00,0.31,0,0.37,
2024-11-10T22:34:30+01:00,-0.1,0.2,0.2,
2024-11-11T22:24:02+01:00,0.38,0.07,0.29,
2024-11-12T22:05:45+01:00,0.26,0.11,0.18,
2024-11-13T23:14:21+01:00,0.32,0.24,0.43,
2024-11-14T22:00:00+01:00,0.26,0,0.1,
2024-11-15T22:00:00+01:00,0.1,0.25,0.3,
2024-11-16T23:09:36+01:00,0.13,0.3,0.4,
2024-11-17T22:00:00+01:00,0.1,0.34,0.4,
2024-11-18T22:49:38+01:00,0.17,0.14,0.2,
2024-11-19T22:00:00+01:00,0.38,0.1,0.4,
2024-11-20T22:27:02+01:00,0.46,0.13,0.5,
2024-11-21T22:00:17+01:00,0.05,0.1,0.13,
2024-11-22T22:00:00+01:00,0.32,0.13,0.19,
2024-11-23T22:00:00+01:00,0.24,0.22,0.35,
2024-11-24T23:00:39+01:00,0.27,0.35,0.5,
2024-11-25T22:38:45+01:00,0.33,0.08,0.17,
2024-11-26T22:00:00+01:00,0.37,0.4,0.4,
2024-11-27T22:00:00+01:00,0.48,0.23,0.27,
2024-11-28T22:00:00+01:00,0,0.04,0.08,
2024-11-29T22:00:00+01:00,0.2,0.1,0.18,
2024-11-30T22:00:00+01:00,0.35,0.26,0.45,
2024-12-01T22:00:00+01:00,0.24,0.44,0.65,
2024-12-02T22:00:00+01:00,0.1,0.1,0.1,
2024-12-03T22:00:00+01:00,0.15,0.1,0.4,
2024-12-05T22:00:00+01:00,0.35,0.07,0.4,
2024-12-06T23:37:33+01:00,0.27,0.21,0.2,
2024-12-08T23:50:41+01:00,0.3,0.2,0.6,
2024-12-12T22:00:00+01:00,0,0.25,0.1,
2024-12-13T22:00:00+01:00,0.2,0.1,0.45,
2024-12-14T22:00:00+01:00,0.1,0.15,0.28,
2024-12-15T22:00:00+01:00,0.05,0.35,0.28,
2024-12-16T23:06:11+01:00,0.3,0.25,0.15,
2024-12-17T22:04:55+01:00,0.06,0.13,0.1,
2024-12-18T22:26:35+01:00,0.45,0.5,0.2,
2024-12-19T22:00:01+01:00,0.05,0.35,0.28,
2024-12-20T23:34:24+01:00,0.15,0.05,0.15,
2024-12-21T22:00:00+01:00,0,0.03,0.1,
2025-01-02T23:43:00+01:00,0.4,0.45,0.35,
2025-01-03T22:00:00+01:00,0.31,0.03,0.16,
2025-01-04T22:00:00+01:00,0.17,0.25,0.31,
2025-01-05T22:00:00+01:00,0.32,0.1,0.15,
2025-01-06T22:00:00+01:00,0.35,0.2,0.43,
2025-01-07T22:00:00+01:00,0.17,0.19,0.15,
2025-01-08T22:00:00+01:00,0.18,0.24,0.36,
2025-01-09T22:00:00+01:00,0.29,0.37,0.4,
2025-01-10T22:00:00+01:00,0.1,0.1,0.1,
2025-01-11T22:00:00+01:00,0.2,0.3,0.22,
2025-01-12T22:00:00+01:00,0.15,0.1,0.46,
2025-01-13T22:00:00+01:00,0.28,0.05,0.15,
2025-01-14T22:00:00+01:00,0.4,0.1,0.3,
2025-01-15T22:20:15+01:00,0.39,0.11,0.3,
2025-01-16T23:31:00+01:00,0.21,0.1,0.29,
2025-01-17T23:44:00+01:00,0.12,0.35,0.32,
2025-01-18T22:00:00+01:00,0.16,0.31,0.2,
2025-01-19T22:00:00+01:00,0.25,0.32,0.44,
2025-01-20T23:08:35+01:00,0.26,0.08,0.47,
2025-01-21T22:00:00+01:00,0.14,0.1,0.2,
2025-01-22T22:00:00+01:00,0.2,0.1,0.3,
2025-01-26T22:00:00+01:00,0.1,0.3,0.5,
2025-01-27T22:00:00+01:00,0.18,0.4,0.2,
2025-01-28T22:00:00+01:00,0.23,0.16,0.36,
2025-01-29T22:44:31+01:00,0.15,0.25,0.1,
2025-01-30T22:00:00+01:00,0,0.35,0.33,
2025-01-31T22:00:00+01:00,0.17,0.1,0.22,
2025-02-01T22:00:00+01:00,0.09,0.16,0.3,
2025-02-02T22:00:00+01:00,0.17,0.05,0.26,
2025-02-03T22:00:00+01:00,0.13,0.22,0.14,
2025-02-04T22:00:00+01:00,0.2,0.35,0.2,
2025-02-05T22:00:00+01:00,0.11,0.07,0.1,
2025-02-06T22:00:00+01:00,0.24,0.2,0.17,
2025-02-07T22:00:00+01:00,0.06,0.2,0.35,
2025-02-10T22:52:46+01:00,0.25,0.2,0.6,
2025-02-12T22:00:00+01:00,0.15,0.22,0.36,
2025-02-13T22:50:31+01:00,0.22,0.16,0.14,
2025-02-18T23:55:00+01:00,0.1,0.2,0.4,
2025-02-19T23:55:00+01:00,0.25,0.1,0.28,
2025-02-20T22:00:00+01:00,0.38,0.1,0.55,
2025-02-21T22:00:00+01:00,0.05,0.1,0.4,
2025-02-22T22:00:00+01:00,0,0.3,0.65,
2025-02-24T22:58:24+01:00,0.4,0.1,0.7,
2025-02-25T22:00:00+01:00,0.27,0.33,0.1,
2025-02-27T22:00:00+01:00,0.2,0.35,0.35,
2025-02-28T22:00:00+01:00,0.16,0.07,0.3,
2025-03-01T23:40:28+01:00,0,0.4,0.5,
2025-03-02T22:01:06+01:00,0,0.3,0.7,
2025-03-03T22:00:00+01:00,0.3,0.07,0.24,
2025-03-04T22:00:00+01:00,0.2,0.25,0.28,
2025-03-05T23:04:38+01:00,0.17,0.2,0.2,
2025-03-06T22:00:00+01:00,0.31,0.14,0.36,
2025-03-08T22:00:00+01:00,0,0.4,0.6,
2025-03-09T22:00:00+01:00,0,0.35,0.27,
2025-03-10T23:24:44+01:00,0.32,0.4,0.38,
2025-03-11T22:06:27+01:00,0.1,0.24,0.2,
2025-03-18T22:00:00+01:00,0.4,0.2,0.3,
2025-03-20T22:00:00+01:00,0.28,0.1,0.35,
2025-03-21T22:00:00+01:00,0.22,0.15,0.1,
2025-03-22T22:00:00+01:00,0.05,0.35,0.25,
2025-03-24T22:00:00+01:00,,,,
2025-03-25T22:00:00+01:00,0,0,0.14,
2025-03-26T23:04:34+01:00,0.2,0.05,0.1,
2025-03-27T22:00:00+01:00,0.32,0.1,0.31,
2025-03-28T22:00:00+01:00,0.37,0.15,0.38,
2025-03-29T22:00:00+01:00,,,,
2025-03-30T22:00:00+02:00,0.1,0.18,0.3,
2025-03-31T22:00:00+02:00,0.05,0.1,0.35,
2025-04-01T22:00:00+02:00,0.24,0.18,0.33,
2025-04-02T22:12:09+02:00,0.26,0.15,0.28,
2025-04-03T23:19:19+02:00,0.4,0.1,0.28,
2025-04-04T22:00:00+02:00,0.12,0.1,0.16,
2025-04-08T22:00:00+02:00,0.1,0.1,0.18,
2025-04-10T22:03:00+02:00,0.05,0.08,0.13,
2025-04-11T22:00:00+02:00,0.48,0.2,0.33,
2025-04-12T22:00:00+02:00,0.24,0.3,0.15,
2025-04-13T22:00:00+02:00,0.45,0.2,0.5,
2025-04-14T22:00:00+02:00,0.45,0.1,0.18,
2025-04-15T22:00:00+02:00,0.36,0.17,0.36,
2025-04-16T22:00:00+02:00,0.15,0.05,0.07,
2025-04-17T22:00:00+02:00,0.3,0.24,0.35,
2025-04-18T22:00:00+02:00,0.16,0.2,0.2,
2025-04-19T22:05:25+02:00,0,0.2,0.37,
2025-04-20T23:12:19+02:00,0,0.28,0.6,
2025-04-21T22:00:00+02:00,0,0.1,0,
2025-04-22T22:00:00+02:00,0.45,0.15,0.3,
2025-04-23T22:00:00+02:00,0.17,0.1,0.25,
2025-04-24T22:00:00+02:00,0.1,0,0.07,
2025-07-11T14:14:00+02:00,,,,
2025-07-12T22:00:00+02:00,0,0.1,0.4,0.5
2025-07-13T22:05:14+02:00,0,0.3,0.45,0.2
2025-07-17T22:00:00+02:00,0.2,0.2,0.15,0.1
2025-07-19T22:00:00+02:00,0,0,0.1,0
2025-07-20T22:00:00+02:00,0.1,0.15,0.46,0.38
2025-07-21T22:00:00+02:00,0.45,0.2,0.25,0.46
2025-07-22T22:00:00+02:00,0.16,0.07,0.5,0.332
2025-07-23T22:33:42+02:00,0.45,0.3,0.37,0.1
2025-07-24T22:00:00+02:00,0.1,0.05,0.15,0.08
2025-07-25T22:00:00+02:00,0.21,0.7,0.35,0.7
2025-07-27T22:00:00+02:00,0.28,0.26,0.23,0.16
2025-07-29T22:00:00+02:00,0.14,0.05,0.12,0.04
2025-07-30T22:00:00+02:00,0.27,0.1,0.26,0.17
2025-07-31T22:00:00+02:00,0.31,0.1,0.21,0.35
2025-08-01T23:19:09+02:00,0.05,0.1,0.5,0.56
2025-08-02T23:00:19+02:00,0,0.26,0.16,0.32
2025-08-03T22:04:00+02:00,0.34,0.1,0.2,0.34
2025-08-04T23:40:00+02:00,0.43,0.1,0.28,0.33
2025-08-05T22:00:00+02:00,0,0.27,0.4,0.3
2025-08-06T22:00:00+02:00,0.17,0.1,0.14,0.17
2025-08-07T22:00:00+02:00,0.26,0.1,0.49,0.37
2025-08-10T22:50:55+02:00,0.1,0.13,0.26,0.17
2025-08-11T22:00:00+02:00,0,0.1,0.17,0.33
2025-08-12T22:00:00+02:00,0.28,0.06,0.45,0.27
2025-08-27T22:00:00+02:00,0.22,0.45,0.5,0.18
2025-09-03T22:26:00+02:00,0.13,0.05,0.77,0.2
2025-09-04T23:17:00+02:00,0.57,0.12,0.4,0.35
2025-09-05T22:00:00+02:00,0.4,0.22,0.3,0.36
2025-09-06T22:00:00+02:00,0.14,0.33,0.6,0.64
2025-09-07T23:06:45+02:00,0.4,0.36,0.35,0.22
2025-09-08T22:00:00+02:00,0.38,0.29,0.12,0.18
2025-09-09T22:27:39+02:00,0.14,0.23,0.19,0.26
2025-09-11T22:00:00+02:00,0.34,0.1,0.24,0.29
2025-09-12T22:21:00+02:00,0.22,0.43,0.19,0.38
2025-09-14T22:00:00+02:00,0.17,0.1,0.3,0.35
2025-09-15T22:00:00+02:00,0.13,0.1,0.2,0.14
2025-09-16T23:50:00+02:00,0.21,0.39,0.13,0.25
2025-09-17T22:00:00+02:00,0.34,0.1,0.39,0.18
2025-09-18T22:00:00+02:00,0,0.09,0.06,0.3
2025-09-20T22:00:00+02:00,0,0.26,0.5,0.69
2025-09-21T23:13:43+02:00,0,0.1,0.66,0.63
2025-09-22T22:00:00+02:00,0.36,0.14,0.2,0.28
2025-09-23T22:07:11+02:00,0.34,0.24,0.32,0.08
2025-09-25T22:00:00+02:00,0.16,0.34,0.18,0.14
2025-09-26T22:00:00+02:00,0.28,0.33,0.17,0.2
2025-09-28T22:35:24+02:00,0.46,0.3,0.22,0.5
2025-09-29T22:00:00+02:00,0.4,0.15,0.25,0.28
2025-09-30T23:58:48+02:00,0.24,0.13,0.33,0.17
2025-10-02T22:00:00+02:00,0.06,0.12,0.2,0.15
2025-10-06T22:05:54+02:00,0.18,0.1,0.28,0.1
2025-10-08T23:41:18+02:00,0.32,0.55,0.23,0.29
2025-10-09T22:00:00+02:00,0.27,0.16,0.11,0.24
2025-10-10T22:00:00+02:00,0.14,0.16,0.13,0.09
2025-10-12T22:39:38+02:00,0.08,0.12,0.18,0.27
2025-10-13T22:00:00+02:00,0.31,0.2,0.22,0.4
2025-10-14T23:18:58+02:00,0.26,0.22,0.34,0.28
2025-10-15T22:00:00+02:00,0.12,0.14,0.08,0.08
2025-10-16T23:52:23+02:00,0.09,0.2,0.12,0.06
2025-10-19T22:00:00+02:00,0,0.2,0.43,0.37
2025-10-20T22:42:10+02:00,0.4,0.2,0.19,0.23
2025-10-21T23:17:04+02:00,0.07,0.13,0.35,0.22
2025-10-22T22:00:00+02:00,0.4,0.19,0.17,0.27
2025-10-23T22:00:00+02:00,0.66,0.8,0.4,0.47
2025-10-24T22:00:00+02:00,0.28,0.16,0.3,0.45
2025-10-26T22:00:00+01:00,0.42,0.18,0.34,0.49
2025-10-27T22:00:00+01:00,0.41,0.19,0.38,0.28
2025-10-30T22:00:22+01:00,0.1,0.75,0.25,0.17
2025-10-31T22:00:00+01:00,0.1,0.9,0.3,0.87
2025-11-02T22:00:00+01:00,0.2,0.33,0.09,0.4
2025-11-03T23:23:43+01:00,0.11,0.3,0.08,0.25
2025-11-05T22:07:35+01:00,0.26,0.08,0.28,0.18
2025-11-06T22:00:00+01:00,0.37,0.1,0.4,0.35
2025-11-07T22:34:15+01:00,0,0.37,0.31,0.45
2025-11-11T22:00:00+01:00,0.2,0.1,0.18,0.13
2025-11-12T22:00:00+01:00,0.33,0.1,0.16,0.42
2025-11-14T22:00:01+01:00,0.16,0.33,0.24,0.28
2025-11-15T22:00:00+01:00,0,0.2,0.28,0.42
2025-11-16T22:00:00+01:00,0,0.1,0.25,0j41
2025-11-17T22:00:00+01:00,0.43,0.33,0.29,0.35
2025-11-18T22:00:00+01:00,0.4,0.25,0.13,0.14
2025-11-19T23:52:55+01:00,0.25,0.18,0.36,0.35
2025-11-20T23:11:13+01:00,0.18,0.1,0.17,0.2
2025-11-21T22:00:00+01:00,0.42,0.1,0.25,0.2
2025-11-24T22:00:01+01:00,0,0.3,0.28,0.36
2025-11-26T22:00:00+01:00,0.36,0.12,0.4,0.44
2025-11-27T22:00:00+01:00,0.2,0.1,0.34,0.28
2025-11-28T22:00:00+01:00,0.22,0.1,0.5,0.38
2025-12-01T22:00:00+01:00,0,0,0.29,0.45
2025-12-05T22:00:00+01:00,0,0.27,0.25,0.
2025-12-07T22:00:00+01:00,0,0.13,0.17,0.22
2025-12-11T22:00:00+01:00,0.1,0.26,0.31,0.17
2025-12-14T22:00:00+01:00,0,0.3,0.32,0.5
2025-12-15T22:00:00+01:00,0.2,0.2,0.18,0.1
2025-12-16T18:28:00+01:00,0.17,0.12,0.2,0.29
2025-12-17T23:52:00+01:00,0.35,0.37,0.26,0.41
2025-12-18T22:00:00+01:00,0.1,0.3,0.22,0.14
2025-12-19T22:00:00+01:00,0.19,0.24,0.4,0.5
2025-12-23T22:53:59+01:00,0,0.3,0.5,0.55
2025-12-25T23:04:55+01:00,0.31,0.46,0.16,0.15
2025-12-26T22:00:00+01:00,0.22,0.14,0.26,0.19
2025-12-27T22:00:00+01:00,0.47,0.1,0.26,0.26
