"date","primary activity","sad – happy","discontent – content","stressed – relaxed","bored – interested"
2022-07-06T22:34,"nothing",53,54,55,46
2022-07-06T17:04,"mindfulness",51,51,51,
2022-07-06T15:49,"nothing",51,49,50,
2022-07-06T12:04,"mindfulness",51,49,49,
2022-07-04T09:48,"nothing",49,47,47,
2022-07-03T12:22,"mindfulness",52,52,53,
2022-07-03T12:08,"nothing",52,53,51,
2022-07-03T12:07,"nothing",51,52,51,
2022-07-03T12:07,"mindfulness",51,51,52,
2022-07-03T12:05,"",51,50,50,
2022-07-03T12:02,"",51,53,52,
2022-07-03T10:17,"",53,52,51,
2022-06-26T16:36,"",52,48,53,
2022-06-26T11:51,"",52,53,52,
2022-06-24T15:36,"",52,53,53,
2022-06-17T13:23,"",51,52,52,
2022-06-17T12:38,"",51,52,51,
2022-06-15T10:57,"",52,52,52,
2022-06-13T17:42,"",52,53,52,
2022-06-11T08:13,"",51,50,47,
2022-06-09T10:02,"",51,52,51,
2022-06-09T08:47,"",49,48,48,
2022-06-08T17:43,"",52,51,52,
2022-06-08T16:58,"",51,52,52,
2022-06-06T11:59,"",51,49,49,
2022-06-02T14:25,"",54,53,53,
2022-06-02T12:22,"",52,52,53,
2022-05-20T10:18,"",52,51,48,
2022-05-18T08:27,"",53,52,53,
2022-05-17T19:12,"",51,51,52,
2022-05-10T14:20,"",51,52,53,
2022-05-03T12:16,"",,,,
2022-05-03T12:01,"",52,53,53,
2022-05-02T11:28,"",53,53,52,
2022-05-01T09:22,"",52,50,52,
2022-04-30T10:31,"",53,52,52,
2022-04-29T15:19,"",51,51,51,
2022-04-25T20:30,"",,,,
2022-04-24T09:01,"",52,52,53,
2022-04-21T11:31,"",51,52,53,
2022-04-20T14:15,"",49,46,48,
2022-04-17T15:15,"",51,54,53,
2022-04-14T13:53,"",,,,
2022-04-14T13:37,"",52,54,53,
2022-04-10T18:06,"",51,52,52,
2022-04-10T11:30,"",48,48,48,
2022-04-09T17:19,"",48,51,51,
2022-04-09T13:45,"",49,51,53,
2022-04-07T20:44,"",52,51,53,
2022-04-07T10:55,"",52,51,54,
2022-04-06T11:56,"",,,,
2022-04-06T09:01,"",51,48,48,
2022-04-05T19:50,"",50,49,52,
2022-04-05T13:29,"",51,50,49,
2022-04-05T09:59,"",52,51,53,
2022-04-04T16:33,"",52,51,51,
2022-04-03T11:04,"",52,51,53,
2022-04-02T09:16,"",53,52,53,
2022-03-31T18:05,"",52,51,51,
2022-03-30T19:29,"",51,53,52,
2022-03-30T18:43,"",52,53,49,
2022-03-30T10:28,"",52,51,48,
2021-12-18T17:47,"",51,52,52,
2021-12-18T17:01,"",53,53,54,
2021-12-17T19:16,"",52,49,51,
2021-12-16T15:14,"",47,44,46,
2021-12-15T13:59,"",51,51,52,
2021-12-13T11:39,"",51,51,49,
2021-12-13T09:03,"",55,53,50,
2021-12-12T15:48,"",48,47,48,
2021-12-12T13:02,"",51,51,52,
2021-12-11T12:44,"",53,52,52,
2021-12-10T19:44,"",50,51,51,
2021-12-10T13:48,"",47,48,47,
2021-12-10T10:13,"",49,50,51,
2021-12-09T18:43,"",49,48,51,
2021-12-09T11:44,"",48,47,50,
2021-12-08T16:28,"",48,49,48,
2021-12-07T17:57,"",52,52,54,
2021-12-07T16:55,"",54,53,54,
2021-12-07T16:40,"",53,54,52,
2021-12-07T11:55,"",52,53,53,
2021-12-07T09:11,"",51,51,53,
2021-12-06T15:51,"",50,50,50,
2021-12-06T11:51,"",51,52,52,
2021-12-05T20:19,"",51,49,52,
2021-12-05T11:43,"",52,49,52,
2021-12-05T11:49,"",,,,
2021-12-04T18:58,"",51,51,52,
2021-12-03T17:29,"",48,47,48,
2021-12-03T10:43,"",52,52,54,
2021-12-03T09:54,"",49,48,52,
2021-12-02T18:47,"",51,49,49,
2021-12-02T10:41,"",52,54,54,
2021-12-02T09:55,"",51,52,51,
2021-12-02T09:55,"",,,,
2021-12-01T18:42,"",53,52,53,
2021-12-01T14:11,"",49,48,51,
2021-12-01T10:55,"",52,54,53,
2021-11-30T19:25,"",53,55,54,
2021-11-30T15:53,"",49,46,51,
2021-11-29T18:20,"",51,52,53,
2021-11-29T11:38,"",48,46,51,
2021-11-29T09:11,"",48,47,50,
2021-11-28T16:32,"",49,48,48,
2021-11-28T11:21,"",53,51,54,
2021-11-28T09:17,"",52,52,54,
2021-11-26T17:51,"",52,52,53,
2021-11-26T15:51,"",51,52,53,
2021-11-26T13:50,"",49,48,54,
2021-11-26T09:39,"",52,52,53,
2021-11-26T09:39,"",,,,
2021-11-25T17:07,"",47,47,48,
2021-11-25T14:10,"",51,52,52,
2021-11-25T11:52,"",52,53,53,
2021-11-25T11:34,"",49,51,52,
2021-11-24T18:06,"",54,52,52,
2021-11-24T15:51,"",52,51,53,
2021-11-24T14:28,"",51,52,52,
2021-11-24T12:58,"",48,48,50,
2021-11-24T10:13,"",48,48,50,
2021-11-24T09:12,"",51,53,52,
2021-11-23T18:43,"",,,,
2021-11-23T15:28,"",51,52,52,
2021-11-23T10:14,"",52,53,52,
2021-11-23T09:32,"",52,52,52,
2021-11-23T09:32,"",,,,
2021-11-22T18:14,"",,,,
2021-11-22T17:58,"",45,44,48,
2021-11-22T13:01,"",48,47,53,
2021-11-22T09:58,"",51,53,54,
2021-11-21T13:56,"",53,54,52,
2021-11-20T10:33,"",52,51,53,
2021-11-19T18:17,"",52,53,53,
2021-11-19T17:02,"",53,52,53,
2021-11-19T15:02,"",51,49,51,
2021-11-19T11:33,"",49,48,48,
2021-11-19T09:12,"",53,53,54,
2021-11-18T19:31,"",52,50,53,
2021-11-18T13:01,"",51,54,52,
2021-11-17T17:30,"",55,52,54,
2021-11-17T10:59,"",52,53,52,
2021-11-17T09:08,"",52,52,54,
2021-11-16T19:17,"",53,49,52,
2021-11-16T15:28,"",55,54,55,
2021-11-16T12:41,"",51,52,54,
2021-11-16T10:48,"",52,53,56,
2021-11-15T20:39,"",53,53,54,
2021-11-15T17:40,"",51,52,53,
2021-11-15T11:09,"",52,54,54,
2021-11-15T09:31,"",49,49,52,
2021-11-14T13:53,"",53,53,52,
2021-11-14T12:38,"",52,52,53,
2021-11-14T12:41,"",,,,
2021-11-13T12:26,"",52,52,53,
2021-11-12T18:51,"",54,55,54,
2021-11-12T14:36,"",52,52,53,
2021-11-12T14:14,"",53,53,54,
2021-11-11T15:01,"",54,52,53,
2021-11-11T09:01,"",55,51,53,
2021-11-10T21:10,"",51,50,52,
2021-11-10T14:14,"",51,53,51,
2021-11-10T11:24,"",52,54,53,
2021-11-09T18:42,"",45,43,48,
2021-11-09T11:47,"",51,51,52,
2021-11-09T10:43,"",52,52,51,
2021-11-09T09:41,"",51,52,52,
2021-11-08T15:42,"",51,52,52,
2021-11-08T13:27,"",52,52,53,
2021-11-07T17:42,"",54,52,53,
2021-11-07T13:42,"",52,53,54,
2021-11-06T12:08,"",,,,
2021-11-05T18:36,"",51,52,52,
2021-11-05T15:38,"",48,48,49,
2021-11-05T10:43,"",51,52,53,
2021-11-05T10:04,"",51,54,54,
2021-11-04T23:00,"",53,53,52,
2021-11-04T16:12,"",48,52,52,
2021-11-04T14:09,"",52,53,52,
2021-11-04T09:01,"",52,52,48,
2021-11-03T12:04,"",51,52,52,
2021-11-03T11:17,"",49,48,47,
2021-11-02T17:02,"",48,46,45,
2021-11-02T11:12,"",54,52,54,
2021-11-02T10:24,"",49,47,51,
2021-11-01T15:49,"",51,52,52,
2021-11-01T11:32,"",52,53,52,
2021-11-01T11:32,"",,,,
2021-10-31T18:20,"",51,52,54,
2021-10-30T16:53,"",53,53,55,
2021-10-29T09:55,"",51,52,52,
2021-10-28T17:27,"",52,52,53,
2021-10-28T13:57,"",52,51,52,
2021-10-28T09:00,"",52,54,52,
2021-10-27T16:49,"",52,52,52,
2021-10-27T11:31,"",52,51,53,
2021-10-26T09:13,"",51,52,53,
2021-10-25T22:25,"",52,52,52,
2021-10-25T17:44,"",52,53,53,
2021-10-25T12:55,"",49,47,54,
2021-10-25T09:02,"",53,52,54,
2021-10-24T20:54,"",53,53,52,
2021-10-24T20:04,"",52,54,54,
2021-10-24T17:37,"",,,,
2021-10-24T15:34,"",49,46,52,
2021-10-23T11:12,"",51,54,55,
2021-10-23T11:12,"",,,,
2021-10-22T18:37,"",51,51,55,
2021-10-22T14:36,"",52,53,53,
2021-10-22T13:46,"",50,51,49,
2021-10-22T13:05,"",51,53,52,
2021-10-22T10:17,"",49,48,48,
2021-10-21T20:11,"",53,53,52,
2021-10-20T23:03,"",53,53,55,
2021-10-20T17:48,"",52,53,51,
2021-10-20T10:12,"",54,54,55,
2021-10-19T11:17,"",53,52,52,
2021-10-19T10:31,"",52,52,53,
2021-10-18T19:19,"",,,,
2021-10-18T19:02,"",51,47,52,
2021-10-17T14:55,"",52,53,49,
2021-10-17T13:54,"",,,,
2021-10-17T13:22,"",51,52,51,
2021-10-17T13:22,"",,,,
2021-10-17T12:15,"",52,54,49,
2021-10-16T20:24,"",52,53,55,
2021-09-26T11:38,"",51,53,53,
2021-09-26T10:23,"",53,51,52,
2021-09-25T14:35,"",52,52,53,
2021-09-25T09:39,"",52,52,54,
2021-09-24T14:58,"",52,53,52,
2021-09-24T10:44,"",52,51,52,
2021-09-24T13:50,"",51,51,52,
2021-09-23T14:08,"",52,53,49,
2021-09-22T16:00,"",48,47,53,
2021-09-22T12:58,"",53,53,53,
2021-09-22T11:47,"",52,52,53,
2021-09-22T10:37,"",51,53,53,
2021-09-21T15:55,"",48,48,53,
2021-09-20T14:45,"",51,54,52,
2021-09-20T13:36,"",52,53,52,
2021-09-20T12:28,"",53,53,54,
2021-09-20T10:27,"",,,,
2021-09-19T18:15,"",49,46,51,
2021-09-19T15:16,"",50,50,51,
2021-09-19T14:23,"",48,47,51,
2021-09-18T20:51,"",46,44,49,
2021-09-17T18:02,"",47,45,48,
2021-09-17T16:17,"",53,54,51,
2021-09-17T11:50,"",53,49,53,
2021-09-16T19:13,"",52,52,49,
2021-09-16T18:25,"",52,50,52,
2021-09-15T22:24,"",51,51,50,
2021-09-15T18:53,"",51,49,52,
2021-09-15T10:26,"",51,52,54,
2021-09-15T10:09,"",53,52,54,
2021-09-14T10:28,"",51,50,54,
2021-09-14T10:14,"",53,52,53,
2021-09-13T17:57,"",52,53,55,
2021-09-13T16:51,"",55,53,53,
2021-09-13T11:18,"",49,48,52,
2021-09-13T10:11,"",51,52,54,
2021-09-12T19:41,"",53,53,54,
2021-09-12T15:10,"",51,50,54,
2021-09-12T14:03,"",51,52,52,
2021-09-09T09:00,"",52,51,53,
2021-09-08T17:40,"",49,51,53,
2021-09-08T14:51,"",48,47,51,
2021-09-07T18:19,"",54,53,47,
2021-09-07T17:15,"",52,53,52,
2021-09-07T16:06,"",52,53,53,
2021-09-07T10:40,"",54,54,54,
2021-09-06T14:06,"",51,49,52,
2021-09-06T09:48,"",52,53,52,
2021-09-05T21:46,"",52,51,53,
2021-09-05T19:03,"",52,53,53,
2021-09-04T18:33,"",50,51,53,
2021-09-04T11:46,"",49,48,51,
2021-09-03T15:17,"",51,52,52,
2021-09-03T10:48,"",52,51,53,
2021-09-02T19:47,"",51,52,53,
2021-09-02T18:06,"",51,52,53,
2021-09-02T13:33,"",52,52,53,
2021-09-02T13:33,"",,,,
2021-09-01T18:51,"",48,48,52,
2021-09-01T16:36,"",52,50,48,
2021-09-01T15:52,"",48,46,52,
2021-09-01T14:00,"",51,47,54,
2021-09-01T12:00,"",49,48,54,
2021-09-01T12:00,"",,,,
2021-08-31T17:37,"",49,49,52,
2021-08-31T15:50,"",54,52,53,
2021-08-31T15:03,"",52,53,53,
2021-08-31T10:34,"",51,52,53,
2021-08-30T15:46,"",53,51,52,
2021-08-30T08:50,"",48,48,53,
2021-08-29T14:07,"",51,54,53,
2021-08-29T09:57,"",50,49,52,
2021-08-27T14:24,"",51,49,53,
2021-08-26T17:14,"",53,54,52,
2021-08-26T16:04,"",48,47,50,
2021-08-26T14:09,"",49,48,51,
2021-08-26T09:52,"",52,53,53,
2021-08-25T15:17,"",53,54,56,
2021-08-25T12:36,"",52,54,54,
2021-08-25T10:51,"",54,54,53,
2021-08-24T14:27,"",48,46,51,
2021-08-23T18:13,"",52,53,53,
2021-08-23T12:10,"",53,54,54,
2021-08-23T11:09,"",53,54,53,
2021-08-23T09:39,"",53,54,53,
2021-08-23T09:00,"",52,53,53,
2021-08-21T15:53,"",52,51,52,
2021-08-21T12:09,"",49,51,51,
2021-08-21T11:38,"",50,50,54,
2021-08-21T10:50,"",51,52,52,
2021-08-20T20:14,"",53,54,55,
2021-08-20T14:15,"",51,49,52,
2021-08-20T12:09,"",54,52,54,
2021-08-19T13:13,"",48,45,53,
2021-08-18T12:39,"",53,53,55,
2021-08-18T09:38,"",52,53,52,
2021-08-17T16:21,"",52,54,53,
2021-08-17T11:47,"",51,53,53,
2021-08-17T11:30,"",52,53,53,
2021-08-16T19:37,"",48,47,48,
2021-08-16T17:30,"",53,53,53,
2021-08-16T16:33,"",52,53,52,
2021-08-16T15:46,"",51,50,52,
2021-08-16T10:38,"",52,53,51,
2021-08-16T09:45,"",52,52,52,
2021-08-16T09:03,"",49,51,51,
2021-08-15T15:29,"",,,,
2021-08-15T15:09,"",53,54,51,
2021-08-15T11:00,"",53,52,53,
2021-08-15T09:19,"",48,49,52,
2021-08-14T15:28,"",52,51,54,
2021-08-14T11:34,"",52,52,52,
2021-08-14T11:00,"",52,51,52,
2021-08-13T13:01,"",53,53,55,
2021-08-13T12:07,"",52,52,57,
2021-08-11T16:14,"",54,53,54,
2021-08-11T16:14,"",,,,
2021-08-10T21:06,"",51,52,53,
2021-08-09T18:12,"",54,51,49,
2021-08-07T13:33,"",,,,
2021-08-05T13:31,"",52,54,47,
2021-08-04T19:53,"",49,47,49,
2021-08-04T15:09,"",52,53,51,
2021-08-04T13:45,"",52,52,49,
2021-08-04T10:24,"",53,52,51,
2021-08-04T09:16,"",52,52,46,
2021-08-03T15:03,"",49,51,50,
2021-08-03T12:52,"",52,53,51,
2021-08-03T12:03,"",53,51,51,
2021-08-03T11:32,"",54,53,53,
2021-08-03T10:53,"",52,51,52,
2021-08-03T09:52,"",51,52,52,
2021-08-02T18:54,"",48,47,52,
2021-08-02T17:05,"",48,48,52,
2021-08-01T21:03,"",52,53,52,
2021-08-01T11:13,"",49,49,51,
2021-08-01T11:10,"",51,51,52,
2021-07-31T12:00,"",52,51,51,
2021-07-31T10:13,"",51,52,52,
2021-07-30T19:43,"",51,49,51,
2021-07-30T14:55,"",,,,
2021-07-29T18:25,"",49,50,52,
2021-07-29T09:07,"",51,52,51,
2021-07-28T20:26,"",51,52,49,
2021-07-28T19:06,"",52,52,51,
2021-07-28T17:25,"",53,53,54,
2021-07-28T15:09,"",51,52,52,
2021-07-28T14:52,"",51,53,51,
2021-07-28T12:34,"",49,46,48,
2021-07-28T12:17,"",49,48,46,
2021-07-28T11:27,"",49,48,51,
2021-07-28T09:07,"",50,49,48,
2021-07-27T21:20,"",51,56,52,
2021-07-27T20:47,"",,,,
2021-07-27T20:19,"",,,,
2021-07-27T10:58,"",49,48,48,
2021-07-27T10:35,"",52,52,53,
2021-07-26T19:03,"",49,47,51,
2021-07-26T18:17,"",52,49,51,
2021-07-26T16:11,"",50,49,51,
2021-07-26T11:09,"",49,51,51,
2021-07-26T10:04,"",52,51,52,
2021-07-25T18:16,"",53,52,53,
2021-07-25T17:44,"",55,54,52,
2021-07-25T14:07,"",51,52,54,
2021-07-25T13:52,"",53,52,53,
2021-07-25T13:37,"",53,52,54,
2021-07-25T12:28,"",52,53,53,
2021-07-25T09:09,"",53,53,54,
2021-07-24T18:48,"",50,48,51,
2021-07-24T15:39,"",51,50,51,
2021-07-24T14:48,"",51,49,51,
2021-07-24T09:41,"",52,52,53,
2021-07-23T20:09,"",52,51,52,
2021-07-23T18:17,"",51,51,53,
2021-07-23T15:35,"",50,51,52,
2021-07-23T15:20,"",52,52,51,
2021-07-23T13:38,"",52,51,51,
2021-07-22T20:53,"",49,48,51,
2021-07-22T20:22,"",49,46,51,
2021-07-22T18:09,"",48,45,52,
2021-07-22T14:25,"",50,49,52,
2021-07-22T12:19,"",50,49,51,
2021-07-19T09:43,"",49,48,53,
2021-07-18T21:59,"",54,51,55,
2021-07-18T13:13,"",51,50,53,
2021-07-17T17:46,"",52,53,53,
2021-07-17T12:51,"",53,52,54,
2021-07-17T12:28,"",52,53,53,
2021-07-17T10:29,"",51,52,51,
2021-07-16T17:37,"",51,50,52,
2021-07-16T09:46,"",51,50,53,
2021-07-15T16:54,"",51,51,55,
2021-07-15T14:11,"",52,54,54,
2021-07-15T13:15,"",52,51,51,
2021-07-15T12:58,"",53,52,53,
2021-07-15T09:25,"",50,49,51,
2021-07-14T16:50,"",52,52,52,
2021-07-14T16:16,"",51,51,52,
2021-07-14T14:36,"",49,47,50,
2021-07-14T09:54,"",49,48,46,
2021-07-14T09:08,"",52,51,52,
2021-07-13T13:18,"",53,53,53,
2021-07-12T14:08,"",53,52,53,
2021-07-12T12:56,"",51,51,52,
2021-07-12T12:18,"",51,51,53,
2021-07-12T11:17,"",52,53,52,
2021-07-11T18:55,"",51,54,54,
2021-07-11T18:07,"",50,53,52,
2021-07-11T16:40,"",48,47,53,
2021-07-10T19:00,"",47,48,51,
2021-07-10T17:18,"",52,53,53,
2021-07-10T10:37,"",51,52,53,
2021-07-10T09:01,"",51,52,52,
2021-07-09T16:53,"",52,52,53,
2021-07-09T16:32,"",52,53,54,
2021-07-09T16:17,"",55,54,52,
2021-07-09T15:25,"",52,53,52,
2021-07-09T12:50,"",49,48,51,
2021-07-08T16:54,"",52,53,52,
2021-07-08T13:57,"",52,51,51,
2021-07-08T10:10,"",53,52,54,
2021-07-07T17:54,"",55,53,54,
2021-07-07T11:10,"",52,52,53,
2021-07-06T18:45,"",52,53,53,
2021-07-06T12:30,"",53,52,52,
2021-07-06T10:30,"",51,52,56,
2021-07-05T20:54,"",54,53,50,
2021-07-05T15:48,"",53,54,53,
2021-07-05T15:32,"",53,53,53,
2021-07-05T13:39,"",52,53,54,
2021-07-05T12:10,"",,,,
2021-07-04T21:00,"",54,56,50,
2021-07-04T13:44,"",51,48,52,
2021-07-03T14:26,"",53,53,54,
2021-07-03T12:44,"",,,,
2021-07-02T16:28,"",54,54,52,
2021-07-02T15:50,"",53,54,54,
2021-07-02T15:31,"",54,53,54,
2021-07-02T14:15,"",52,53,54,
2021-07-02T12:55,"",51,49,52,
2021-07-02T11:55,"",51,52,53,
2021-07-02T09:38,"",52,51,53,
2021-07-01T23:00,"",52,54,55,
2021-07-01T18:00,"",54,52,52,
2021-07-01T13:24,"",52,54,54,
2021-07-01T13:24,"",,,,
2021-06-30T17:41,"",,,,
2021-06-30T14:58,"",52,52,53,
2021-06-30T14:25,"",54,53,54,
2021-06-30T13:09,"",53,52,52,
2021-06-30T11:45,"",54,51,54,
2021-06-30T10:34,"",51,49,52,
2021-06-29T18:25,"",53,51,51,
2021-06-29T11:56,"",54,53,54,
2021-06-29T18:27,"",,,,
2021-06-28T12:44,"",52,53,55,
2021-06-28T10:13,"",52,53,54,
2021-06-27T16:36,"",53,54,54,
2021-06-27T13:38,"",51,51,53,
2021-06-27T12:08,"",52,52,53,
2021-06-27T10:26,"",52,53,52,
2021-06-26T15:35,"",49,47,52,
2021-06-26T15:04,"",51,52,53,
2021-06-26T09:17,"",53,52,53,
2021-06-26T09:12,"",,,,
2021-06-25T20:40,"",54,55,54,
2021-06-25T15:31,"",54,54,53,
2021-06-25T09:00,"",54,51,54,
2021-06-24T23:01,"",52,53,53,
2021-06-24T20:25,"",52,53,52,
2021-06-24T09:55,"",49,48,52,
2021-06-23T18:54,"",52,53,52,
2021-06-23T15:26,"",51,50,53,
2021-06-23T14:51,"",49,48,52,
2021-06-23T12:03,"",49,48,51,
2021-06-23T11:42,"",52,50,52,
2021-06-23T09:49,"",52,52,53,
2021-06-22T15:34,"",52,52,51,
2021-06-22T13:43,"",50,51,52,
2021-06-22T11:59,"",53,54,51,
2021-06-22T08:25,"",53,52,52,
2021-06-21T20:51,"",53,52,54,
2021-06-21T15:16,"",52,51,51,
2021-06-21T14:26,"",52,52,52,
2021-06-21T13:55,"",54,50,49,
2021-06-21T12:44,"",52,49,51,
2021-06-21T11:55,"",51,51,52,
2021-06-21T10:19,"",52,49,48,
2021-06-20T22:59,"",54,56,55,
2021-06-20T15:10,"",54,53,53,
2021-06-20T11:06,"",51,52,53,
2021-06-19T21:50,"",54,55,55,
2021-06-19T17:31,"",,,,
2021-06-19T17:11,"",,,,
2021-06-19T16:55,"",51,52,53,
2021-06-19T14:39,"",50,52,53,
2021-06-19T12:34,"",53,53,55,
2021-06-19T10:36,"",53,52,53,
2021-06-19T09:58,"",51,51,51,
2021-06-18T17:51,"",51,53,50,
2021-06-18T15:30,"",51,53,52,
2021-06-18T14:45,"",51,50,51,
2021-06-18T13:26,"",50,49,51,
2021-06-18T12:47,"",52,49,51,
2021-06-18T12:16,"",51,55,54,
2021-06-18T10:45,"",51,52,53,
2021-06-17T19:21,"",49,49,49,
2021-06-17T13:02,"",50,49,49,
2021-06-17T12:30,"",52,51,51,
2021-06-17T11:42,"",52,52,54,
2021-06-17T09:30,"",53,54,50,
2021-06-17T08:55,"",52,53,53,
2021-06-16T20:14,"",52,53,49,
2021-06-16T14:35,"",53,54,51,
2021-06-16T13:45,"",52,52,53,
2021-06-12T15:05,"",50,49,50,
2021-06-12T13:07,"",49,47,51,
2021-06-11T19:19,"",54,50,50,
2021-06-11T16:10,"",49,47,51,
2021-06-11T11:55,"",,,,
2021-06-11T11:46,"",,,,
2021-06-11T11:25,"",53,50,52,
2021-06-10T20:21,"",53,55,52,
2021-06-10T17:56,"",49,46,52,
2021-06-10T13:10,"",54,53,54,
2021-06-10T12:20,"",53,53,52,
2021-06-10T10:58,"",52,53,53,
2021-06-10T09:30,"",49,47,51,
2021-06-10T09:30,"",,,,
2021-06-10T08:12,"",52,49,53,
2021-06-09T19:50,"",51,53,51,
2021-06-09T16:38,"",52,50,53,
2021-06-09T14:25,"",52,54,53,
2021-06-09T13:42,"",51,53,52,
2021-06-09T13:25,"",52,50,53,
2021-06-09T11:30,"",52,52,53,
2021-06-09T10:44,"",52,53,54,
2021-06-08T19:35,"",51,50,52,
2021-06-08T16:15,"",53,52,53,
2021-06-08T14:38,"",48,49,52,
2021-06-08T13:36,"",48,46,53,
2021-06-08T10:50,"",51,49,51,
2021-06-08T09:38,"",51,49,50,
2021-06-07T21:14,"",52,53,51,
2021-06-07T18:50,"",52,51,51,
2021-06-07T17:31,"",52,51,51,
2021-06-07T12:11,"",51,50,52,
2021-06-07T11:36,"",51,52,52,
2021-06-06T15:45,"",51,52,52,
2021-06-06T14:08,"",53,52,53,
2021-06-06T11:12,"",51,52,50,
2021-06-05T15:58,"",52,53,52,
2021-06-05T12:34,"",52,53,54,
2021-06-05T11:43,"",53,53,52,
2021-06-05T08:36,"",52,53,52,
2021-06-04T21:41,"",52,53,54,
2021-06-04T16:40,"",52,51,52,
2021-06-04T15:37,"",49,48,52,
2021-06-04T12:28,"",49,50,53,
2021-06-04T10:52,"",53,53,55,
2021-06-03T12:14,"",49,47,51,
2021-06-03T11:26,"",52,51,53,
2021-06-03T10:26,"",50,50,51,
2021-06-03T08:55,"",52,51,52,
2021-06-02T20:51,"",50,52,55,
2021-06-02T19:02,"",,,,
2021-06-02T18:43,"",48,47,49,
2021-06-02T17:40,"",52,51,53,
2021-06-02T16:57,"",,,,
2021-06-02T16:36,"",48,48,54,
2021-06-02T16:40,"",,,,
2021-06-02T14:36,"",53,52,50,
2021-06-02T14:20,"",52,50,51,
2021-06-02T11:40,"",51,51,53,
2021-06-02T10:02,"",51,50,49,
2021-06-01T17:57,"",53,51,53,
2021-06-01T16:20,"",52,51,53,
2021-06-01T14:08,"",53,54,52,
2021-06-01T13:36,"",53,54,53,
2021-06-01T12:36,"",55,53,52,
2021-06-01T12:21,"",54,55,52,
2021-06-01T10:21,"",53,53,54,
2021-05-31T18:33,"",53,54,53,
2021-05-31T17:46,"",55,54,52,
2021-05-31T17:29,"",52,51,49,
2021-05-31T16:21,"",53,49,52,
2021-05-31T11:28,"",53,52,52,
2021-05-31T10:40,"",52,52,49,
2021-05-31T09:47,"",51,51,53,
2021-05-31T08:43,"",53,51,52,
2021-05-30T22:33,"",53,53,52,
2021-05-30T19:33,"",52,53,51,
2021-05-30T17:07,"",52,53,54,
2021-05-30T14:51,"",53,53,54,
2021-05-30T12:13,"",52,53,53,
2021-05-30T11:10,"",51,51,52,
2021-05-30T08:51,"",49,51,52,
2021-05-29T19:21,"",52,53,52,
2021-05-29T13:40,"",54,53,51,
2021-05-29T13:24,"",52,53,52,
2021-05-29T12:52,"",52,53,52,
2021-05-29T09:43,"",52,52,52,
2021-05-29T08:40,"",51,50,53,
2021-05-28T20:10,"",51,51,51,
2021-05-28T17:25,"",51,52,52,
2021-05-28T14:03,"",54,54,53,
2021-05-28T13:01,"",53,53,54,
2021-05-28T11:53,"",51,50,52,
2021-05-28T11:37,"",53,53,53,
2021-05-28T10:05,"",53,55,52,
2021-05-28T09:11,"",52,53,54,
2021-05-27T18:30,"",,,,
2021-05-27T16:51,"",52,52,52,
2021-05-27T16:21,"",49,48,52,
2021-05-27T11:52,"",54,53,49,
2021-05-27T09:34,"",53,52,52,
2021-05-26T15:23,"",53,54,54,
2021-05-26T14:00,"",54,53,53,
2021-05-26T13:41,"",55,54,53,
2021-05-26T10:50,"",53,53,54,
2021-05-26T09:41,"",56,54,52,
2021-05-25T16:27,"",51,54,54,
2021-05-25T13:05,"",53,50,52,
2021-05-25T12:10,"",53,53,53,
2021-05-25T09:57,"",52,52,52,
2021-05-24T17:51,"",52,53,51,
2021-05-24T16:49,"",53,54,55,
2021-05-24T14:55,"",52,53,54,
2021-05-24T13:58,"",54,55,50,
2021-05-24T13:21,"",52,52,53,
2021-05-24T11:10,"",53,52,51,
2021-05-24T10:55,"",51,52,51,
2021-05-24T09:51,"",51,49,52,
2021-05-24T08:42,"",49,48,52,
2021-05-24T08:23,"",51,52,52,
2021-05-23T19:21,"",49,51,52,
2021-05-23T14:25,"",54,54,54,
2021-05-23T11:12,"",52,54,52,
2021-05-23T10:07,"",56,54,53,
2021-05-23T08:36,"",53,53,54,
2021-05-22T21:56,"",54,53,55,
2021-05-22T18:17,"",53,53,54,
2021-05-22T17:13,"",53,55,55,
2021-05-22T15:54,"",52,54,55,
2021-05-22T15:36,"",53,54,53,
2021-05-22T15:05,"",54,54,53,
2021-05-22T14:57,"",55,54,53,
2021-05-22T11:39,"",55,55,51,
2021-05-22T11:08,"",55,53,54,
2021-05-22T10:09,"",57,55,54,
2021-05-21T14:26,"",54,55,53,
2021-05-21T13:54,"",54,56,54,
2021-05-21T13:54,"",,,,
2021-05-21T11:14,"",52,53,53,
2021-05-21T11:14,"",,,,
2021-05-21T08:17,"",52,53,52,
2021-05-20T11:27,"",54,53,55,
2021-05-20T10:52,"",,,,
2021-05-20T10:52,"",,,,
2021-05-19T18:06,"",52,52,51,
2021-05-19T16:50,"",52,53,52,
2021-05-19T16:15,"",52,52,53,
2021-05-19T13:49,"",46,46,52,
2021-05-19T09:32,"",49,48,53,
2021-05-18T20:07,"",49,47,51,
2021-05-18T19:16,"",51,51,51,
2021-05-18T15:34,"",51,49,52,
2021-05-18T12:10,"",51,52,51,
2021-05-17T14:47,"",51,49,51,
2021-05-17T12:26,"",52,52,52,
2021-05-16T19:31,"",48,48,51,
2021-05-16T17:59,"",53,51,52,
2021-05-15T22:36,"",52,53,54,
2021-05-15T19:08,"",51,52,54,
2021-05-15T18:01,"",53,54,53,
2021-05-15T15:24,"",51,48,51,
2021-05-15T14:19,"",47,48,51,
2021-05-15T13:49,"",49,49,51,
2021-05-15T10:31,"",51,53,51,
2021-05-14T17:34,"",51,52,53,
2021-05-14T12:59,"",52,52,53,
2021-05-14T10:22,"",50,51,49,
2021-05-14T09:36,"",49,48,51,
2021-05-14T09:17,"",48,49,53,
2021-05-13T18:58,"",54,54,55,
2021-05-12T21:01,"",46,45,48,
2021-05-12T16:31,"",47,48,48,
2021-05-12T14:08,"",46,46,49,
2021-05-12T12:31,"",48,48,51,
2021-05-12T11:44,"",48,46,52,
2021-05-12T11:13,"",47,48,52,
2021-05-12T08:54,"",48,48,51,
2021-05-11T22:50,"",51,52,52,
2021-05-11T17:37,"",49,47,52,
2021-05-11T13:14,"",53,53,52,
2021-05-11T11:37,"",52,53,48,
2021-05-11T11:07,"",54,53,52,
2021-05-11T10:50,"",49,48,48,
2021-05-11T10:03,"",52,49,53,
2021-05-10T22:48,"",49,46,51,
2021-05-10T18:58,"",51,51,48,
2021-05-10T13:55,"",49,47,53,
2021-05-10T13:09,"",49,47,51,
2021-05-10T12:07,"",,,,
2021-05-10T11:51,"",53,51,51,
2021-05-10T11:20,"",48,48,50,
2021-05-10T09:51,"",49,51,49,
2021-05-10T09:34,"",51,51,52,
2021-05-10T08:43,"",51,53,52,
2021-05-09T20:29,"",48,47,49,
2021-05-09T09:35,"",51,52,52,
2021-05-08T09:35,"",52,53,53,
2021-05-07T16:25,"",51,51,54,
2021-05-07T13:21,"",52,52,49,
2021-05-07T12:50,"",51,52,53,
2021-05-07T12:05,"",49,48,51,
2021-05-07T10:33,"",48,47,51,
2021-05-07T09:19,"",51,51,52,
2021-05-06T13:18,"",49,49,49,
2021-05-06T12:58,"",49,48,51,
2021-05-06T10:09,"",52,50,52,
2021-05-06T09:15,"",52,51,53,
2021-05-05T22:01,"",49,48,51,
2021-05-05T19:58,"",51,52,52,
2021-05-05T16:36,"",52,52,51,
2021-05-05T16:04,"",48,47,52,
2021-05-05T14:30,"",51,49,47,
2021-05-05T12:42,"",50,51,49,
2021-05-05T11:23,"",51,52,52,
2021-05-05T10:50,"",48,48,49,
2021-05-05T10:03,"",49,48,51,
2021-05-05T09:45,"",49,49,49,
2021-05-05T09:30,"",,,,
2021-05-04T22:20,"",53,53,52,
2021-05-04T16:38,"",51,51,52,
2021-05-04T16:22,"",49,49,52,
2021-05-04T15:18,"",51,51,53,
2021-05-04T14:48,"",52,52,52,
2021-05-04T13:33,"",51,52,52,
2021-05-04T12:47,"",52,52,53,
2021-05-04T12:15,"",51,51,51,
2021-05-04T09:54,"",,,,
2021-05-03T19:14,"",52,52,52,
2021-05-03T18:08,"",52,51,51,
2021-05-03T16:05,"",51,51,49,
2021-05-03T15:34,"",48,47,51,
2021-05-03T13:46,"",49,49,51,
2021-05-03T13:14,"",51,52,53,
2021-05-03T12:10,"",54,53,54,
2021-05-03T10:33,"",48,48,52,
2021-05-03T10:03,"",52,53,51,
2021-05-03T09:51,"",48,47,51,
2021-05-03T08:40,"",48,48,49,
2021-05-02T18:23,"",47,47,52,
2021-05-02T10:33,"",49,48,52,
2021-05-02T09:32,"",49,47,51,
2021-05-01T18:45,"",53,52,52,
2021-05-01T15:34,"",49,49,51,
2021-05-01T10:21,"",51,52,52,
2021-05-01T09:33,"",50,48,51,
2021-05-01T09:33,"",,,,
2021-05-01T09:33,"",,,,
2021-04-30T20:42,"",51,52,52,
2021-04-30T17:35,"",54,53,54,
2021-04-30T15:01,"",51,49,52,
2021-04-30T09:01,"",,,,
2021-04-30T08:46,"",51,51,53,
2021-04-30T08:33,"",52,53,52,
2021-04-30T08:36,"",,,,
2021-04-29T18:04,"",51,52,51,
2021-04-29T16:00,"",49,47,50,
2021-04-29T15:15,"",49,47,51,
2021-04-29T11:53,"",52,53,52,
2021-04-29T11:19,"",51,49,51,
2021-04-29T10:04,"",,,,
2021-04-29T09:46,"",52,52,52,
2021-04-29T09:29,"",49,48,51,
2021-04-29T08:56,"",51,49,51,
2021-04-28T17:21,"",46,48,49,
2021-04-28T16:01,"",52,52,52,
2021-04-28T13:32,"",49,47,51,
2021-04-28T13:00,"",,,,
2021-04-28T11:43,"",51,50,51,
2021-04-28T09:12,"",49,49,52,
2021-04-28T13:00,"",51,51,53,
2021-04-27T22:22,"",52,51,51,
2021-04-27T20:51,"",51,52,53,
2021-04-27T18:15,"",49,49,52,
2021-04-27T14:12,"",51,52,49,
2021-04-27T10:21,"",51,54,53,
2021-04-27T09:32,"",49,48,52,
2021-04-27T09:07,"",52,52,53,
2021-04-27T09:09,"",,,,
2021-04-26T14:36,"",51,52,53,
2021-04-26T12:29,"",53,52,52,
2021-04-26T11:34,"",51,53,52,
2021-04-26T10:47,"",52,53,52,
2021-04-26T08:40,"",51,50,51,
2021-04-25T17:55,"",52,51,53,
2021-04-25T13:30,"",50,51,52,
2021-04-25T12:44,"",51,52,52,
2021-04-25T11:10,"",52,53,53,
2021-04-25T10:53,"",52,52,54,
2021-04-24T22:04,"",52,51,52,
2021-04-24T15:40,"",48,48,51,
2021-04-24T14:38,"",51,52,52,
2021-04-24T12:32,"",51,51,50,
2021-04-24T11:00,"",49,48,51,
2021-04-24T10:22,"",54,53,53,
2021-04-24T10:22,"",,,,
2021-04-23T22:10,"",48,49,51,
2021-04-23T14:43,"",,,,
2021-04-23T14:26,"",46,46,52,
2021-04-23T13:10,"",52,52,53,
2021-04-23T10:03,"",52,51,53,
2021-04-23T09:48,"",53,52,52,
2021-04-22T22:10,"",52,52,53,
2021-04-22T19:22,"",53,55,53,
2021-04-22T18:05,"",53,52,52,
2021-04-22T17:36,"",52,51,52,
2021-04-22T15:55,"",52,52,54,
2021-04-22T15:40,"",51,51,52,
2021-04-22T14:38,"",53,52,52,
2021-04-22T13:17,"",51,49,53,
2021-04-22T12:30,"",55,52,53,
2021-04-22T09:48,"",52,52,52,
2021-04-21T21:24,"",49,49,51,
2021-04-21T19:15,"",48,47,51,
2021-04-21T18:00,"",52,54,51,
2021-04-21T16:59,"",49,48,51,
2021-04-21T15:25,"",51,50,52,
2021-04-21T14:10,"",54,53,53,
2021-04-21T13:40,"",51,53,52,
2021-04-21T12:20,"",48,47,53,
2021-04-21T10:43,"",52,52,51,
2021-04-21T10:13,"",48,48,51,
2021-04-21T10:34,"",,,,
2021-04-20T15:10,"",52,52,52,
2021-04-20T13:46,"",50,51,52,
2021-04-20T12:41,"",51,54,53,
2021-04-20T12:25,"",51,52,52,
2021-04-20T10:57,"",51,50,52,
2021-04-19T18:15,"",52,52,53,
2021-04-19T16:58,"",49,48,52,
2021-04-19T15:07,"",52,53,51,
2021-04-19T12:44,"",51,51,52,
2021-04-19T11:11,"",51,52,50,
2021-04-19T10:54,"",49,48,51,
2021-04-19T10:36,"",48,49,52,
2021-04-19T10:24,"",51,52,53,
2021-04-19T08:44,"",48,47,51,
2021-04-19T08:44,"",,,,
2021-04-17T22:02,"",53,52,52,
2021-04-17T15:04,"",52,53,54,
2021-04-17T14:25,"",54,53,53,
2021-04-17T09:35,"",50,47,51,
2021-04-16T18:34,"",52,52,53,
2021-04-16T16:47,"",47,51,52,
2021-04-16T15:46,"",49,48,49,
2021-04-16T15:00,"",52,54,52,
2021-04-16T14:45,"",51,51,52,
2021-04-16T11:10,"",51,52,54,
2021-04-16T10:38,"",52,50,51,
2021-04-16T10:23,"",51,49,53,
2021-04-16T09:37,"",51,52,53,
2021-04-16T08:44,"",52,53,54,
2021-04-16T08:44,"",,,,
2021-04-15T19:35,"",52,52,53,
2021-04-15T16:30,"",51,51,52,
2021-04-15T16:12,"",51,52,51,
2021-04-15T14:40,"",51,51,53,
2021-04-15T13:55,"",49,48,50,
2021-04-15T12:36,"",52,52,53,
2021-04-15T12:20,"",52,52,53,
2021-04-15T12:05,"",50,51,52,
2021-04-15T11:49,"",51,49,48,
2021-04-15T10:13,"",51,51,50,
2021-04-15T09:23,"",53,54,54,
2021-04-15T08:38,"",52,53,53,
2021-04-14T19:08,"",52,52,52,
2021-04-14T17:30,"",49,48,45,
2021-04-14T16:38,"",51,52,52,
2021-04-14T15:21,"",47,46,52,
2021-04-14T15:06,"",49,48,52,
2021-04-14T14:16,"",51,52,52,
2021-04-14T09:32,"",51,52,53,
2021-04-14T13:23,"",52,52,52,
2021-04-13T19:07,"",49,47,53,
2021-04-13T18:32,"",51,52,52,
2021-04-13T16:44,"",51,51,52,
2021-04-13T14:20,"",52,51,54,
2021-04-13T12:10,"",52,52,52,
2021-04-13T08:30,"",49,47,48,
2021-04-13T08:30,"",,,,
2021-04-12T20:55,"",,,,
2021-04-12T20:10,"",49,48,47,
2021-04-12T19:09,"",52,52,53,
2021-04-12T18:52,"",53,51,52,
2021-04-12T18:07,"",59,58,48,
2021-04-12T17:04,"",47,48,47,
2021-04-12T15:15,"",54,53,54,
2021-04-12T14:29,"",49,49,53,
2021-04-12T09:41,"",51,49,52,
2021-04-12T08:43,"",49,48,49,
2021-04-11T15:30,"",51,53,53,
2021-04-11T14:59,"",51,48,52,
2021-04-11T12:27,"",47,46,49,
2021-04-11T10:50,"",49,47,50,
2021-04-11T09:47,"",49,47,52,
2021-04-11T09:31,"",51,51,52,
2021-04-10T19:08,"",51,52,52,
2021-04-10T16:39,"",51,52,52,
2021-04-10T10:26,"",48,47,52,
2021-04-09T22:50,"",51,47,48,
2021-04-09T18:29,"",48,49,51,
2021-04-09T14:35,"",51,51,52,
2021-04-09T13:02,"",53,54,54,
2021-04-09T08:56,"",47,46,53,
2021-04-08T19:18,"",51,52,55,
2021-04-08T15:27,"",53,53,54,
2021-04-08T14:19,"",52,53,54,
2021-04-08T08:33,"",49,48,52,
2021-04-08T08:23,"",51,52,53,
2021-04-07T19:46,"",46,48,53,
2021-04-07T19:30,"",48,47,51,
2021-04-07T17:42,"",49,46,48,
2021-04-07T15:42,"",49,47,48,
2021-04-07T13:52,"",47,48,46,
2021-04-07T13:20,"",53,54,48,
2021-04-07T11:00,"",51,52,53,
2021-04-07T09:09,"",49,48,52,
2021-04-07T08:53,"",51,50,52,
2021-04-07T08:23,"",,,,
2021-04-07T08:12,"",49,47,53,
2021-04-06T19:23,"",48,47,48,
2021-04-06T18:37,"",49,47,52,
2021-04-06T18:37,"",,,,
2021-04-06T18:06,"",48,47,48,
2021-04-06T17:16,"",51,52,53,
2021-04-06T17:01,"",52,53,53,
2021-04-06T13:34,"",48,47,45,
2021-04-05T21:45,"",55,56,53,
2021-04-05T19:51,"",49,47,51,
2021-04-05T14:40,"",52,52,55,
2021-04-05T14:24,"",52,52,53,
2021-04-05T14:09,"",,,,
2021-04-05T13:05,"",53,54,53,
2021-04-05T12:46,"",51,51,53,
2021-04-05T12:30,"",52,54,53,
2021-04-05T11:39,"",51,51,52,
2021-04-05T10:53,"",49,48,49,
2021-04-05T09:50,"",48,47,53,
2021-04-05T08:48,"",48,49,51,
2021-04-05T08:36,"",49,48,51,
2021-04-04T15:15,"",49,48,51,
2021-04-04T14:27,"",51,52,52,
2021-04-04T14:12,"",53,54,51,
2021-04-04T11:55,"",53,52,52,
2021-04-04T10:35,"",53,48,52,
2021-04-04T09:28,"",,,,
2021-04-04T09:28,"",51,52,53,
2021-04-03T18:59,"",54,50,52,
2021-04-03T18:44,"",52,53,53,
2021-04-03T10:09,"",52,48,51,
2021-04-03T09:55,"",51,52,53,
2021-04-02T14:40,"",55,52,48,
2021-04-02T13:54,"",52,52,52,
2021-04-02T11:55,"",52,52,53,
2021-04-02T10:38,"",53,52,54,
2021-04-01T21:34,"",48,47,52,
2021-04-01T18:07,"",46,45,48,
2021-04-01T16:51,"",47,46,48,
2021-04-01T16:05,"",48,47,46,
2021-04-01T14:34,"",54,53,53,
2021-04-01T14:15,"",47,47,52,
2021-04-01T11:03,"",52,47,54,
2021-04-01T08:45,"",48,47,51,
2021-03-31T23:00,"",48,47,48,
2021-03-31T21:41,"",52,53,53,
2021-03-31T18:15,"",54,52,54,
2021-03-31T17:33,"",52,55,55,
2021-03-31T16:58,"",51,52,55,
2021-03-31T16:28,"",53,54,52,
2021-03-31T16:16,"",51,52,47,
2021-03-31T13:25,"",53,54,49,
2021-03-31T12:13,"",53,53,55,
2021-03-31T11:56,"",51,53,52,
2021-03-31T11:22,"",48,48,50,
2021-03-31T10:51,"",50,49,48,
2021-03-31T10:04,"",52,53,56,
2021-03-31T09:12,"",50,51,53,
2021-03-30T21:34,"",51,49,52,
2021-03-30T19:17,"",52,52,54,
2021-03-30T17:44,"",52,51,53,
2021-03-30T11:00,"",52,51,53,
2021-03-30T09:58,"",51,52,50,
2021-03-30T09:47,"",51,52,49,
2021-03-30T08:56,"",49,49,51,
2021-03-30T08:41,"",49,51,51,
2021-03-29T15:31,"",49,48,49,
2021-03-29T14:22,"",47,45,52,
2021-03-29T13:34,"",49,47,51,
2021-03-29T12:33,"",52,52,51,
2021-03-29T11:47,"",49,49,54,
2021-03-29T11:17,"",49,48,52,
2021-03-29T10:00,"",50,51,54,
2021-03-29T09:25,"",52,52,54,
2021-03-29T09:25,"",,,,
2021-03-29T09:25,"",,,,
2021-03-28T19:48,"",49,51,52,
2021-03-28T19:34,"",51,51,48,
2021-03-28T18:48,"",53,50,53,
2021-03-28T17:29,"",56,53,54,
2021-03-28T14:42,"",55,56,57,
2021-03-28T14:43,"",,,,
2021-03-27T17:31,"",55,56,54,
2021-03-27T15:54,"",52,52,52,
2021-03-27T15:41,"",54,55,54,
2021-03-27T14:33,"",56,56,53,
2021-03-27T13:00,"",48,47,53,
2021-03-27T11:59,"",52,53,54,
2021-03-27T11:59,"",,,,
2021-03-27T11:59,"",,,,
2021-03-26T20:47,"",50,51,52,
2021-03-26T18:45,"",52,54,52,
2021-03-26T18:29,"",53,54,54,
2021-03-26T14:07,"",52,54,49,
2021-03-26T10:27,"",51,52,54,
2021-03-26T10:11,"",,,,
2021-03-26T10:11,"",52,52,52,
2021-03-25T19:16,"",55,56,58,
2021-03-25T14:14,"",49,48,51,
2021-03-25T13:24,"",53,48,52,
2021-03-25T11:21,"",53,47,53,
2021-03-25T10:47,"",48,48,53,
2021-03-24T20:49,"",53,54,53,
2021-03-24T10:36,"",53,54,54,
2021-03-24T09:35,"",52,54,55,
2021-03-23T20:00,"",54,54,54,
2021-03-23T18:13,"",54,53,55,
2021-03-23T17:43,"",49,48,53,
2021-03-23T17:28,"",49,50,52,
2021-03-23T16:24,"",52,52,53,
2021-03-23T15:18,"",54,54,56,
2021-03-23T12:50,"",53,52,53,
2021-03-23T08:51,"",52,53,53,
2021-03-23T08:51,"",,,,
2021-03-22T20:15,"",52,55,55,
2021-03-22T17:34,"",52,57,53,
2021-03-22T17:04,"",54,61,58,
2021-03-22T14:15,"",52,54,55,
2021-03-22T12:27,"",48,47,47,
2021-03-22T11:41,"",48,46,54,
2021-03-22T09:57,"",51,52,52,
2021-03-22T09:42,"",51,49,55,
2021-03-22T09:23,"",,,,
2021-03-22T09:00,"",52,54,54,
2021-03-21T15:01,"",54,55,58,
2021-03-21T14:45,"",54,57,52,
2021-03-21T13:12,"",55,52,52,
2021-03-21T11:37,"",,,,
2021-03-21T11:37,"",51,49,54,
2021-03-20T20:37,"",,,,
2021-03-20T19:42,"",52,52,52,
2021-03-20T16:48,"",52,48,53,
2021-03-20T14:32,"",53,54,55,
2021-03-20T13:45,"",53,54,53,
2021-03-20T12:44,"",,,,
2021-03-20T11:55,"",54,48,52,
2021-03-20T11:09,"",51,53,51,
2021-03-20T10:52,"",50,49,51,
2021-03-20T10:18,"",48,47,51,
2021-03-20T08:43,"",52,52,52,
2021-03-20T08:23,"",,,,
2021-03-20T08:23,"",54,53,54,
2021-03-19T19:57,"",51,50,51,
2021-03-19T19:27,"",50,49,52,
2021-03-19T18:42,"",48,52,51,
2021-03-19T15:05,"",48,48,52,
2021-03-19T14:48,"",52,54,52,
2021-03-19T10:37,"",52,53,53,
2021-03-19T10:22,"",51,49,52,
2021-03-19T09:16,"",49,51,54,
2021-03-18T21:11,"",49,51,53,
2021-03-18T13:59,"",52,51,53,
2021-03-18T09:27,"",51,52,53,
2021-03-18T08:57,"",,,,
2021-03-17T19:00,"",50,52,55,
2021-03-17T17:58,"",52,52,55,
2021-03-17T17:26,"",49,49,51,
2021-03-17T16:55,"",49,48,53,
2021-03-17T15:07,"",55,52,52,
2021-03-17T14:07,"",52,50,52,
2021-03-17T13:07,"",47,47,49,
2021-03-17T11:35,"",47,48,49,
2021-03-16T21:42,"",53,49,51,
2021-03-16T19:47,"",55,48,53,
2021-03-16T15:22,"",53,52,53,
2021-03-16T14:37,"",53,52,53,
2021-03-16T13:36,"",48,46,52,
2021-03-16T12:03,"",51,46,51,
2021-03-16T11:16,"",49,49,53,
2021-03-16T10:13,"",46,46,47,
2021-03-15T17:48,"",49,48,54,
2021-03-15T17:33,"",52,53,53,
2021-03-15T15:31,"",53,55,49,
2021-03-15T14:08,"",54,55,58,
2021-03-15T12:34,"",54,55,51,
2021-03-15T12:17,"",54,52,54,
2021-03-15T12:02,"",52,52,53,
2021-03-15T10:28,"",54,55,52,
2021-03-15T09:26,"",53,54,52,
2021-03-14T21:08,"",51,49,53,
2021-03-14T13:57,"",54,54,58,
2021-03-14T13:47,"",52,52,54,
2021-03-13T20:53,"",51,46,53,
2021-03-13T18:14,"",51,54,53,
2021-03-13T13:50,"",53,53,48,
2021-03-13T12:16,"",52,52,52,
2021-03-12T19:09,"",55,56,55,
2021-03-12T14:25,"",49,48,54,
2021-03-12T11:30,"",51,53,52,
2021-03-12T10:10,"",51,52,50,
2021-03-12T08:20,"",52,54,56,
2021-03-12T08:20,"",,,,
2021-03-11T17:32,"",53,52,53,
2021-03-11T17:01,"",53,54,52,
2021-03-11T13:51,"",52,49,51,
2021-03-11T12:17,"",53,54,53,
2021-03-11T09:57,"",46,45,55,
2021-03-10T18:20,"",48,48,54,
2021-03-10T17:50,"",54,49,54,
2021-03-10T16:01,"",53,52,56,
2021-03-10T15:46,"",54,54,53,
2021-03-10T15:16,"",56,54,52,
2021-03-10T15:00,"",48,46,46,
2021-03-10T14:13,"",51,49,53,
2021-03-10T13:58,"",53,48,52,
2021-03-10T13:41,"",52,51,52,
2021-03-10T13:27,"",51,52,55,
2021-03-10T12:54,"",52,53,53,
2021-03-10T12:37,"",54,55,52,
2021-03-10T12:16,"",52,49,51,
2021-03-10T10:48,"",51,52,54,
2021-03-09T19:42,"",47,44,52,
2021-03-09T17:06,"",52,54,56,
2021-03-09T15:49,"",53,53,48,
2021-03-09T14:01,"",48,49,52,
2021-03-09T12:57,"",51,48,52,
2021-03-08T17:43,"",48,47,52,
2021-03-08T15:40,"",51,52,52,
2021-03-08T15:25,"",52,53,54,
2021-03-08T12:48,"",51,51,54,
2021-03-08T11:57,"",52,51,53,
2021-03-08T11:25,"",51,51,53,
2021-03-08T10:47,"",49,46,51,
2021-03-08T10:32,"",52,50,51,
2021-03-08T10:02,"",51,54,54,
2021-03-07T18:36,"",48,49,51,
2021-03-07T14:43,"",48,47,46,
2021-03-07T14:28,"",52,51,54,
2021-03-07T14:13,"",49,47,53,
2021-03-07T13:41,"",51,50,54,
2021-03-07T11:55,"",51,52,55,
2021-03-06T23:01,"",53,55,53,
2021-03-06T21:28,"",46,48,52,
2021-03-06T20:27,"",49,47,53,
2021-03-06T14:12,"",54,53,53,
2021-03-06T13:56,"",52,54,53,
2021-03-06T13:41,"",52,54,55,
2021-03-06T11:53,"",49,45,52,
2021-03-05T22:17,"",53,54,54,
2021-03-05T21:45,"",56,59,58,
2021-03-05T19:53,"",54,54,39,
2021-03-05T19:53,"",,,,
2021-03-05T19:23,"",52,53,55,
2021-03-05T17:53,"",52,53,55,
2021-03-05T17:38,"",57,55,54,
2021-03-05T15:02,"",48,48,49,
2021-03-05T14:16,"",47,45,51,
2021-03-05T11:24,"",51,53,54,
2021-03-05T11:01,"",53,53,55,
2021-03-05T09:31,"",,,,
2021-03-05T08:19,"",48,45,51,
2021-03-04T16:34,"",48,46,43,
2021-03-04T14:14,"",52,54,56,
2021-03-04T10:13,"",53,53,54,
2021-03-03T19:52,"",44,43,52,
2021-03-03T18:42,"",53,55,54,
2021-03-03T14:50,"",53,53,55,
2021-03-03T12:24,"",52,53,54,
2021-03-03T10:33,"",48,47,52,
2021-03-03T10:00,"",54,57,55,
2021-03-02T20:24,"",48,43,51,
2021-03-02T18:28,"",55,49,53,
2021-03-02T18:12,"",48,45,53,
2021-03-02T16:41,"",50,44,49,
2021-03-02T16:24,"",45,42,51,
2021-03-02T11:35,"",54,54,51,
2021-03-01T16:30,"",54,55,56,
2021-03-01T16:13,"",52,56,53,
2021-03-01T14:23,"",52,49,53,
2021-03-01T12:01,"",45,41,48,
2021-03-01T11:28,"",51,53,53,
2021-03-01T10:44,"",51,53,55,
2021-02-28T22:02,"",52,47,54,
2021-02-28T21:01,"",48,45,52,
2021-02-28T19:25,"",49,48,53,
2021-02-28T16:41,"",52,47,51,
2021-02-28T15:06,"",53,56,52,
2021-02-28T13:44,"",51,52,53,
2021-02-28T13:11,"",47,47,57,
2021-02-27T20:03,"",,,,
2021-02-27T19:48,"",,,,
2021-02-27T19:33,"",52,53,53,
2021-02-27T19:33,"",,,,
2021-02-27T18:00,"",52,52,55,
2021-02-27T15:42,"",51,53,49,
2021-02-27T11:51,"",,,,
2021-02-27T10:32,"",53,55,58,
2021-02-27T10:31,"",,,,
2021-02-26T19:52,"",52,47,53,
2021-02-26T19:52,"",,,,
2021-02-26T17:12,"",52,53,54,
2021-02-26T16:56,"",53,58,52,
2021-02-26T16:40,"",52,56,44,
2021-02-26T14:36,"",51,52,53,
2021-02-26T12:42,"",56,54,54,
2021-02-26T11:37,"",53,52,54,
2021-02-26T09:12,"",53,56,53,
2021-02-25T21:21,"",,,,
2021-02-25T20:32,"",52,55,55,
2021-02-25T20:01,"",,,,
2021-02-25T18:44,"",,,,
2021-02-25T17:59,"",51,50,52,
2021-02-25T17:44,"",50,51,55,
2021-02-25T17:00,"",49,48,47,
2021-02-25T14:34,"",54,54,55,
2021-02-25T13:34,"",48,52,52,
2021-02-25T13:00,"",52,53,51,
2021-02-25T11:06,"",53,55,49,
2021-02-25T08:06,"",49,53,54,
2021-02-24T22:39,"",54,56,57,
2021-02-24T17:00,"",55,56,55,
2021-02-24T16:59,"",,,,
2021-02-24T16:07,"",52,50,53,
2021-02-24T15:49,"",49,47,52,
2021-02-24T15:19,"",52,54,51,
2021-02-24T11:48,"",48,49,52,
2021-02-24T11:32,"",52,56,54,
2021-02-24T11:17,"",50,53,56,
2021-02-24T10:00,"",54,56,56,
2021-02-23T19:41,"",55,58,56,
2021-02-23T17:43,"",,,,
2021-02-23T17:24,"",,,,
2021-02-23T17:09,"",49,48,52,
2021-02-23T15:52,"",55,52,53,
2021-02-23T15:34,"",53,53,54,
2021-02-23T10:14,"",52,53,55,
2021-02-23T09:43,"",52,53,51,
2021-02-23T08:32,"",51,53,55,
2021-02-23T08:23,"",52,54,55,
2021-02-22T16:50,"",55,56,57,
2021-02-22T15:58,"",54,54,56,
2021-02-22T12:19,"",52,54,52,
2021-02-22T11:17,"",52,48,48,
2021-02-22T10:45,"",53,55,53,
2021-02-21T20:50,"",54,56,53,
2021-02-21T19:03,"",52,55,55,
2021-02-21T14:25,"",48,48,52,
2021-02-21T11:44,"",48,46,52,
2021-02-21T10:59,"",54,53,54,
2021-02-20T19:29,"",53,57,56,
2021-02-20T15:42,"",45,43,51,
2021-02-20T13:23,"",52,55,56,
2021-02-20T11:50,"",55,56,55,
2021-02-20T11:20,"",53,52,53,
2021-02-20T10:20,"",55,56,56,
2021-02-19T17:14,"",53,54,56,
2021-02-19T16:59,"",52,55,54,
2021-02-19T13:19,"",54,55,54,
2021-02-19T12:48,"",52,56,55,
2021-02-19T11:00,"",51,53,48,
2021-02-19T09:38,"",52,55,55,
2021-02-18T19:52,"",53,55,57,
2021-02-18T14:42,"",51,53,54,
2021-02-18T14:09,"",49,48,51,
2021-02-18T13:20,"",54,52,55,
2021-02-18T12:17,"",51,48,55,
2021-02-18T09:41,"",49,49,55,
2021-02-17T20:15,"",49,53,55,
2021-02-17T17:43,"",51,47,54,
2021-02-17T16:57,"",51,52,42,
2021-02-17T15:27,"",48,46,49,
2021-02-17T14:54,"",44,42,48,
2021-02-17T08:11,"",48,47,47,
2021-02-17T08:04,"",49,56,57,
2021-02-16T20:32,"",57,48,56,
2021-02-16T18:28,"",52,54,55,
2021-02-16T17:23,"",51,55,55,
2021-02-16T16:51,"",54,58,48,
2021-02-16T14:18,"",51,52,56,
2021-02-16T12:29,"",52,54,53,
2021-02-16T09:56,"",55,56,55,
2021-02-15T17:18,"",53,52,55,
2021-02-15T16:47,"",54,59,48,
2021-02-15T15:46,"",52,48,45,
2021-02-15T14:12,"",49,48,51,
2021-02-15T13:22,"",52,53,52,
2021-02-15T13:07,"",53,53,49,
2021-02-15T12:02,"",55,58,58,
2021-02-15T10:45,"",52,55,54,
2021-02-15T09:37,"",52,51,48,
2021-02-15T08:19,"",53,55,53,
2021-02-15T08:14,"",52,55,56,
2021-02-14T13:12,"",47,41,52,
2021-02-14T11:57,"",54,55,55,
2021-02-14T10:25,"",48,45,54,
2021-02-14T09:37,"",51,56,57,
2021-02-13T20:00,"",48,47,52,
2021-02-13T19:45,"",52,54,55,
2021-02-13T18:40,"",49,47,49,
2021-02-13T18:25,"",53,53,56,
2021-02-13T17:36,"",51,51,52,
2021-02-13T17:21,"",56,54,53,
2021-02-13T16:49,"",52,53,53,
2021-02-13T16:16,"",53,56,58,
2021-02-13T15:27,"",56,55,54,
2021-02-13T10:31,"",53,56,55,
2021-02-12T21:52,"",48,46,47,
2021-02-12T17:34,"",47,46,47,
2021-02-12T16:29,"",55,54,54,
2021-02-12T15:11,"",52,48,48,
2021-02-12T14:09,"",47,46,48,
2021-02-12T12:28,"",47,46,46,
2021-02-12T11:40,"",48,48,47,
2021-02-12T11:25,"",49,48,48,
2021-02-12T10:24,"",51,53,49,
2021-02-12T08:37,"",47,51,52,
2021-02-11T20:29,"",48,46,47,
2021-02-11T16:40,"",53,54,53,
2021-02-11T13:36,"",53,55,56,
2021-02-11T12:29,"",50,47,51,
2021-02-11T11:25,"",51,54,55,
2021-02-11T11:10,"",52,54,53,
2021-02-11T09:01,"",51,53,55,
2021-02-10T21:00,"",52,55,55,
2021-02-10T20:30,"",54,56,55,
2021-02-10T20:15,"",52,58,57,
2021-02-10T19:14,"",55,62,61,
2021-02-10T16:58,"",50,47,59,
2021-02-10T14:35,"",56,57,54,
2021-02-10T13:41,"",49,48,45,
2021-02-10T12:55,"",50,55,57,
2021-02-10T10:38,"",,,,
2021-02-10T10:23,"",49,53,55,
2021-02-09T20:17,"",46,46,48,
2021-02-09T18:58,"",,,,
2021-02-09T18:43,"",48,46,47,
2021-02-09T18:12,"",52,57,55,
2021-02-09T17:18,"",57,54,52,
2021-02-09T16:33,"",53,56,55,
2021-02-09T14:57,"",55,58,56,
2021-02-09T14:42,"",52,48,47,
2021-02-09T14:12,"",49,53,54,
2021-02-09T13:56,"",59,56,60,
2021-02-09T13:24,"",54,57,55,
2021-02-09T12:21,"",53,56,54,
2021-02-09T10:31,"",49,46,47,
2021-02-08T21:02,"",52,52,51,
2021-02-08T18:00,"",54,57,55,
2021-02-08T14:25,"",48,54,52,
2021-02-08T14:07,"",52,56,58,
2021-02-08T12:22,"",52,54,52,
2021-02-08T11:04,"",55,58,54,
2021-02-08T10:49,"",51,47,48,
2021-02-07T13:13,"",51,55,56,
2021-02-07T11:04,"",46,52,55,
2021-02-07T08:33,"",55,56,59,
2021-02-06T20:17,"",54,57,54,
2021-02-06T14:45,"",55,56,56,
2021-02-05T21:55,"",46,46,48,
2021-02-05T21:09,"",49,46,47,
2021-02-05T20:38,"",55,53,54,
2021-02-05T15:46,"",48,47,45,
2021-02-05T15:01,"",57,52,53,
2021-02-05T12:29,"",48,45,45,
2021-02-05T11:27,"",52,51,52,
2021-02-05T10:56,"",53,57,52,
2021-02-05T09:55,"",52,56,55,
2021-02-04T15:17,"",48,46,48,
2021-02-04T13:24,"",54,58,59,
2021-02-04T11:21,"",51,53,51,
2021-02-04T10:49,"",54,55,54,
2021-02-04T10:29,"",55,59,56,
2021-02-04T10:14,"",54,59,58,
2021-02-03T20:04,"",53,49,53,
2021-02-03T16:47,"",54,53,52,
2021-02-03T16:01,"",47,43,48,
2021-02-03T15:27,"",47,45,47,
2021-02-03T13:44,"",54,56,58,
2021-02-03T12:08,"",,,,
2021-02-03T10:51,"",48,51,57,
2021-02-03T10:36,"",52,48,56,
2021-02-03T10:21,"",53,56,62,
2021-02-02T19:37,"",48,45,50,
2021-02-02T18:51,"",52,54,51,
2021-02-02T18:04,"",,,,
2021-02-02T17:48,"",55,58,57,
2021-02-02T16:46,"",50,53,55,
2021-02-02T15:07,"",56,59,56,
2021-02-02T11:54,"",55,56,54,
2021-02-02T11:23,"",46,45,42,
2021-02-02T10:51,"",48,48,46,
2021-02-02T08:48,"",55,58,56,
2021-02-01T20:16,"",59,57,53,
2021-02-01T19:26,"",44,47,44,
2021-02-01T15:20,"",52,56,56,
2021-02-01T11:15,"",52,55,52,
2021-02-01T10:44,"",53,59,53,
2021-02-01T09:58,"",48,48,47,
2021-02-01T08:48,"",47,46,49,
2021-01-31T22:08,"",54,52,53,
2021-01-31T20:37,"",53,58,56,
2021-01-31T10:21,"",,,,
2021-01-31T10:21,"",,,,
2021-01-30T17:20,"",48,43,48,
2021-01-30T17:05,"",49,52,49,
2021-01-30T14:42,"",60,61,55,
2021-01-30T09:59,"",52,57,57,
2021-01-30T08:09,"",53,59,59,
2021-01-30T08:06,"",51,55,56,
2021-01-29T17:12,"",48,47,44,
2021-01-29T16:26,"",47,46,49,
2021-01-29T15:04,"",52,54,49,
2021-01-29T14:33,"",47,46,47,
2021-01-29T13:45,"",52,58,58,
2021-01-29T13:13,"",52,48,49,
2021-01-29T11:43,"",53,56,55,
2021-01-29T10:38,"",52,54,51,
2021-01-29T09:23,"",46,47,46,
2021-01-29T09:05,"",56,60,57,
2021-01-29T08:28,"",48,46,52,
2021-01-28T19:43,"",53,64,60,
2021-01-28T17:47,"",57,55,58,
2021-01-28T16:41,"",55,56,54,
2021-01-28T14:48,"",52,55,56,
2021-01-28T14:33,"",54,56,58,
2021-01-28T14:18,"",51,56,55,
2021-01-28T11:54,"",58,59,56,
2021-01-28T11:34,"",55,59,56,
2021-01-28T10:00,"",52,52,48,
2021-01-28T08:24,"",57,53,55,
2021-01-28T08:24,"",,,,
2021-01-27T20:00,"",57,59,56,
2021-01-27T16:25,"",,,,
2021-01-27T15:53,"",55,57,55,
2021-01-27T15:21,"",58,60,57,
2021-01-27T14:19,"",60,56,59,
2021-01-27T13:46,"",54,54,54,
2021-01-27T12:27,"",46,44,45,
2021-01-27T12:12,"",48,48,46,
2021-01-27T11:10,"",55,54,50,
2021-01-27T10:40,"",54,56,48,
2021-01-26T21:53,"",56,55,54,
2021-01-26T17:09,"",47,45,46,
2021-01-26T14:04,"",47,44,46,
2021-01-26T13:19,"",55,55,52,
2021-01-26T11:56,"",54,53,51,
2021-01-25T20:49,"",55,60,53,
2021-01-25T19:46,"",55,57,53,
2021-01-25T19:31,"",62,65,62,
2021-01-25T18:10,"",49,48,44,
2021-01-25T17:54,"",58,57,55,
2021-01-25T16:04,"",58,61,56,
2021-01-25T15:12,"",54,57,52,
2021-01-25T13:06,"",51,46,46,
2021-01-25T12:02,"",57,57,53,
2021-01-25T11:47,"",54,53,55,
2021-01-25T11:16,"",52,53,53,
2021-01-25T09:19,"",49,44,47,
2021-01-24T20:41,"",54,60,54,
2021-01-24T18:37,"",47,52,48,
2021-01-24T17:03,"",58,55,49,
2021-01-24T15:59,"",58,61,56,
2021-01-24T14:43,"",43,41,39,
2021-01-24T14:28,"",48,43,45,
2021-01-24T13:09,"",53,53,48,
2021-01-24T08:44,"",56,61,52,
2021-01-23T21:09,"",53,58,60,
2021-01-23T20:37,"",54,61,54,
2021-01-23T17:23,"",54,61,56,
2021-01-23T14:57,"",61,60,57,
2021-01-23T14:10,"",56,60,53,
2021-01-23T13:25,"",47,49,50,
2021-01-23T13:10,"",52,56,49,
2021-01-22T20:46,"",55,47,60,
2021-01-22T20:31,"",62,55,52,
2021-01-22T14:17,"",57,53,57,
2021-01-22T12:12,"",52,54,47,
2021-01-22T11:27,"",62,52,48,
2021-01-21T18:06,"",61,50,49,
2021-01-21T16:47,"",48,44,52,
2021-01-21T15:08,"",61,56,49,
2021-01-21T14:04,"",44,42,48,
2021-01-21T12:57,"",48,44,47,
2021-01-21T10:55,"",56,52,48,
2021-01-21T09:55,"",52,54,59,
2021-01-21T09:39,"",58,53,53,
2021-01-20T20:38,"",55,52,47,
2021-01-20T20:23,"",43,48,46,
2021-01-20T20:06,"",45,43,44,
2021-01-20T18:32,"",60,61,61,
2021-01-20T17:21,"",49,51,53,
2021-01-20T17:05,"",58,54,53,
2021-01-20T16:35,"",48,47,47,
2021-01-20T16:05,"",48,41,47,
2021-01-20T15:14,"",56,55,47,
2021-01-20T14:42,"",53,51,42,
2021-01-20T14:26,"",48,47,44,
2021-01-20T13:07,"",54,58,54,
2021-01-19T18:45,"",45,40,48,
2021-01-19T18:30,"",53,54,52,
2021-01-19T18:14,"",42,47,54,
2021-01-19T17:52,"",48,46,49,
2021-01-19T17:22,"",61,52,51,
2021-01-19T16:47,"",61,63,54,
2021-01-19T14:49,"",44,41,47,
2021-01-19T11:51,"",52,54,48,
2021-01-19T10:46,"",56,48,54,
2021-01-19T09:36,"",49,47,47,
2021-01-19T09:19,"",55,54,54,
2021-01-19T08:23,"",61,59,58,
2021-01-18T18:41,"",45,43,47,
2021-01-18T18:09,"",46,54,54,
2021-01-18T17:35,"",49,48,43,
2021-01-18T15:55,"",62,54,47,
2021-01-18T15:05,"",48,56,47,
2021-01-18T14:33,"",54,53,47,
2021-01-18T13:48,"",58,52,56,
2021-01-18T11:11,"",48,46,44,
2021-01-18T10:38,"",56,56,52,
2021-01-18T08:43,"",42,48,41,
2021-01-17T20:57,"",,,,
2021-01-17T18:49,"",60,56,43,
2021-01-17T17:42,"",52,56,42,
2021-01-17T17:11,"",60,53,54,
2021-01-17T17:11,"",59,50,50,
2021-01-17T15:51,"",57,72,64,
2021-01-17T13:42,"",37,40,49,
2021-01-17T13:09,"",40,39,43,
2021-01-17T12:54,"",47,54,56,
2021-01-17T11:10,"",44,41,62,
2021-01-17T10:09,"",48,43,48,
2021-01-17T09:28,"",53,73,68,
2021-01-16T20:30,"",53,45,71,
2021-01-16T19:28,"",42,39,54,
2021-01-16T15:52,"",,,,
2021-01-16T15:45,"",67,53,46,
